problem,solver,phi_a,phi_b,status,metric,n_evals,seed,cardinality_a,cardinality_b,delta,containment_violations,value
ibk1,random_search,lu,ls,check,hausdorff_a_to_b,5000,11,121,145,1.4142135623730951,0,0.0
ibk1,random_search,lu,ls,check,hausdorff_b_to_a,5000,11,121,145,1.4142135623730951,0,0.5855463449657674
ibk1,random_search,lu,ls,check,hausdorff_symmetric,5000,11,121,145,1.4142135623730951,0,0.5855463449657674
ibk1,random_search,lu,ls,check,coverage_a_in_b,5000,11,121,145,1.4142135623730951,0,1.0
ibk1,random_search,lu,ls,check,coverage_b_in_a,5000,11,121,145,1.4142135623730951,0,1.0
ibk1,random_search,lu,ls,check,overlap,5000,11,121,145,1.4142135623730951,0,1.0
ibk1,random_search,lu,ls,check,overlap_jaccard,5000,11,121,145,1.4142135623730951,0,1.0
ibk1,random_search,lu,ls,check,cross_a_under_b,5000,11,121,145,1.4142135623730951,0,1.0
ibk1,random_search,lu,ls,check,cross_b_under_a,5000,11,121,145,1.4142135623730951,0,0.8344827586206897
ibk1,random_search,lu,cw,finding,hausdorff_a_to_b,5000,11,121,106,1.4142135623730951,,0.5490991802448951
ibk1,random_search,lu,cw,finding,hausdorff_b_to_a,5000,11,121,106,1.4142135623730951,,0.41875332012966965
ibk1,random_search,lu,cw,finding,hausdorff_symmetric,5000,11,121,106,1.4142135623730951,,0.5490991802448951
ibk1,random_search,lu,cw,finding,coverage_a_in_b,5000,11,121,106,1.4142135623730951,,1.0
ibk1,random_search,lu,cw,finding,coverage_b_in_a,5000,11,121,106,1.4142135623730951,,1.0
ibk1,random_search,lu,cw,finding,overlap,5000,11,121,106,1.4142135623730951,,1.0
ibk1,random_search,lu,cw,finding,overlap_jaccard,5000,11,121,106,1.4142135623730951,,1.0
ibk1,random_search,lu,cw,finding,cross_a_under_b,5000,11,121,106,1.4142135623730951,,0.8016528925619835
ibk1,random_search,lu,cw,finding,cross_b_under_a,5000,11,121,106,1.4142135623730951,,0.9150943396226415
ibk1,random_search,ls,cw,check,hausdorff_a_to_b,5000,11,145,106,1.4142135623730951,0,0.7118965696444405
ibk1,random_search,ls,cw,check,hausdorff_b_to_a,5000,11,145,106,1.4142135623730951,0,0.0
ibk1,random_search,ls,cw,check,hausdorff_symmetric,5000,11,145,106,1.4142135623730951,0,0.7118965696444405
ibk1,random_search,ls,cw,check,coverage_a_in_b,5000,11,145,106,1.4142135623730951,0,1.0
ibk1,random_search,ls,cw,check,coverage_b_in_a,5000,11,145,106,1.4142135623730951,0,1.0
ibk1,random_search,ls,cw,check,overlap,5000,11,145,106,1.4142135623730951,0,1.0
ibk1,random_search,ls,cw,check,overlap_jaccard,5000,11,145,106,1.4142135623730951,0,1.0
ibk1,random_search,ls,cw,check,cross_a_under_b,5000,11,145,106,1.4142135623730951,0,0.7310344827586207
ibk1,random_search,ls,cw,check,cross_b_under_a,5000,11,145,106,1.4142135623730951,0,1.0
ibk1,random_search,lu,ls,check,hausdorff_a_to_b,5000,12,110,143,1.4142135623730951,0,0.0
ibk1,random_search,lu,ls,check,hausdorff_b_to_a,5000,12,110,143,1.4142135623730951,0,0.6904019007265568
ibk1,random_search,lu,ls,check,hausdorff_symmetric,5000,12,110,143,1.4142135623730951,0,0.6904019007265568
ibk1,random_search,lu,ls,check,coverage_a_in_b,5000,12,110,143,1.4142135623730951,0,1.0
ibk1,random_search,lu,ls,check,coverage_b_in_a,5000,12,110,143,1.4142135623730951,0,1.0
ibk1,random_search,lu,ls,check,overlap,5000,12,110,143,1.4142135623730951,0,1.0
ibk1,random_search,lu,ls,check,overlap_jaccard,5000,12,110,143,1.4142135623730951,0,1.0
ibk1,random_search,lu,ls,check,cross_a_under_b,5000,12,110,143,1.4142135623730951,0,1.0
ibk1,random_search,lu,ls,check,cross_b_under_a,5000,12,110,143,1.4142135623730951,0,0.7692307692307693
ibk1,random_search,lu,cw,finding,hausdorff_a_to_b,5000,12,110,102,1.4142135623730951,,0.5062602899676502
ibk1,random_search,lu,cw,finding,hausdorff_b_to_a,5000,12,110,102,1.4142135623730951,,0.5616297988886582
ibk1,random_search,lu,cw,finding,hausdorff_symmetric,5000,12,110,102,1.4142135623730951,,0.5616297988886582
ibk1,random_search,lu,cw,finding,coverage_a_in_b,5000,12,110,102,1.4142135623730951,,1.0
ibk1,random_search,lu,cw,finding,coverage_b_in_a,5000,12,110,102,1.4142135623730951,,1.0
ibk1,random_search,lu,cw,finding,overlap,5000,12,110,102,1.4142135623730951,,1.0
ibk1,random_search,lu,cw,finding,overlap_jaccard,5000,12,110,102,1.4142135623730951,,1.0
ibk1,random_search,lu,cw,finding,cross_a_under_b,5000,12,110,102,1.4142135623730951,,0.8454545454545455
ibk1,random_search,lu,cw,finding,cross_b_under_a,5000,12,110,102,1.4142135623730951,,0.9117647058823529
ibk1,random_search,ls,cw,check,hausdorff_a_to_b,5000,12,143,102,1.4142135623730951,0,0.6078513069969663
ibk1,random_search,ls,cw,check,hausdorff_b_to_a,5000,12,143,102,1.4142135623730951,0,0.0
ibk1,random_search,ls,cw,check,hausdorff_symmetric,5000,12,143,102,1.4142135623730951,0,0.6078513069969663
ibk1,random_search,ls,cw,check,coverage_a_in_b,5000,12,143,102,1.4142135623730951,0,1.0
ibk1,random_search,ls,cw,check,coverage_b_in_a,5000,12,143,102,1.4142135623730951,0,1.0
ibk1,random_search,ls,cw,check,overlap,5000,12,143,102,1.4142135623730951,0,1.0
ibk1,random_search,ls,cw,check,overlap_jaccard,5000,12,143,102,1.4142135623730951,0,1.0
ibk1,random_search,ls,cw,check,cross_a_under_b,5000,12,143,102,1.4142135623730951,0,0.7132867132867133
ibk1,random_search,ls,cw,check,cross_b_under_a,5000,12,143,102,1.4142135623730951,0,1.0
ibk1,random_search,lu,ls,check,hausdorff_a_to_b,5000,13,132,160,1.4142135623730951,0,0.0
ibk1,random_search,lu,ls,check,hausdorff_b_to_a,5000,13,132,160,1.4142135623730951,0,0.8385346155735813
ibk1,random_search,lu,ls,check,hausdorff_symmetric,5000,13,132,160,1.4142135623730951,0,0.8385346155735813
ibk1,random_search,lu,ls,check,coverage_a_in_b,5000,13,132,160,1.4142135623730951,0,1.0
ibk1,random_search,lu,ls,check,coverage_b_in_a,5000,13,132,160,1.4142135623730951,0,1.0
ibk1,random_search,lu,ls,check,overlap,5000,13,132,160,1.4142135623730951,0,1.0
ibk1,random_search,lu,ls,check,overlap_jaccard,5000,13,132,160,1.4142135623730951,0,1.0
ibk1,random_search,lu,ls,check,cross_a_under_b,5000,13,132,160,1.4142135623730951,0,1.0
ibk1,random_search,lu,ls,check,cross_b_under_a,5000,13,132,160,1.4142135623730951,0,0.825
ibk1,random_search,lu,cw,finding,hausdorff_a_to_b,5000,13,132,122,1.4142135623730951,,0.7291326965638429
ibk1,random_search,lu,cw,finding,hausdorff_b_to_a,5000,13,132,122,1.4142135623730951,,0.5842714491541006
ibk1,random_search,lu,cw,finding,hausdorff_symmetric,5000,13,132,122,1.4142135623730951,,0.7291326965638429
ibk1,random_search,lu,cw,finding,coverage_a_in_b,5000,13,132,122,1.4142135623730951,,1.0
ibk1,random_search,lu,cw,finding,coverage_b_in_a,5000,13,132,122,1.4142135623730951,,1.0
ibk1,random_search,lu,cw,finding,overlap,5000,13,132,122,1.4142135623730951,,1.0
ibk1,random_search,lu,cw,finding,overlap_jaccard,5000,13,132,122,1.4142135623730951,,1.0
ibk1,random_search,lu,cw,finding,cross_a_under_b,5000,13,132,122,1.4142135623730951,,0.8409090909090909
ibk1,random_search,lu,cw,finding,cross_b_under_a,5000,13,132,122,1.4142135623730951,,0.9098360655737705
ibk1,random_search,ls,cw,check,hausdorff_a_to_b,5000,13,160,122,1.4142135623730951,0,0.8385346155735813
ibk1,random_search,ls,cw,check,hausdorff_b_to_a,5000,13,160,122,1.4142135623730951,0,0.0
ibk1,random_search,ls,cw,check,hausdorff_symmetric,5000,13,160,122,1.4142135623730951,0,0.8385346155735813
ibk1,random_search,ls,cw,check,coverage_a_in_b,5000,13,160,122,1.4142135623730951,0,1.0
ibk1,random_search,ls,cw,check,coverage_b_in_a,5000,13,160,122,1.4142135623730951,0,1.0
ibk1,random_search,ls,cw,check,overlap,5000,13,160,122,1.4142135623730951,0,1.0
ibk1,random_search,ls,cw,check,overlap_jaccard,5000,13,160,122,1.4142135623730951,0,1.0
ibk1,random_search,ls,cw,check,cross_a_under_b,5000,13,160,122,1.4142135623730951,0,0.7625
ibk1,random_search,ls,cw,check,cross_b_under_a,5000,13,160,122,1.4142135623730951,0,1.0
ibk1,random_search,lu,ls,check,hausdorff_a_to_b,5000,14,119,140,1.4142135623730951,0,0.0
ibk1,random_search,lu,ls,check,hausdorff_b_to_a,5000,14,119,140,1.4142135623730951,0,0.6997378893540933
ibk1,random_search,lu,ls,check,hausdorff_symmetric,5000,14,119,140,1.4142135623730951,0,0.6997378893540933
ibk1,random_search,lu,ls,check,coverage_a_in_b,5000,14,119,140,1.4142135623730951,0,1.0
ibk1,random_search,lu,ls,check,coverage_b_in_a,5000,14,119,140,1.4142135623730951,0,1.0
ibk1,random_search,lu,ls,check,overlap,5000,14,119,140,1.4142135623730951,0,1.0
ibk1,random_search,lu,ls,check,overlap_jaccard,5000,14,119,140,1.4142135623730951,0,1.0
ibk1,random_search,lu,ls,check,cross_a_under_b,5000,14,119,140,1.4142135623730951,0,1.0
ibk1,random_search,lu,ls,check,cross_b_under_a,5000,14,119,140,1.4142135623730951,0,0.85
ibk1,random_search,lu,cw,finding,hausdorff_a_to_b,5000,14,119,105,1.4142135623730951,,0.45342648704511157
ibk1,random_search,lu,cw,finding,hausdorff_b_to_a,5000,14,119,105,1.4142135623730951,,0.4366718394530072
ibk1,random_search,lu,cw,finding,hausdorff_symmetric,5000,14,119,105,1.4142135623730951,,0.45342648704511157
ibk1,random_search,lu,cw,finding,coverage_a_in_b,5000,14,119,105,1.4142135623730951,,1.0
ibk1,random_search,lu,cw,finding,coverage_b_in_a,5000,14,119,105,1.4142135623730951,,1.0
ibk1,random_search,lu,cw,finding,overlap,5000,14,119,105,1.4142135623730951,,1.0
ibk1,random_search,lu,cw,finding,overlap_jaccard,5000,14,119,105,1.4142135623730951,,1.0
ibk1,random_search,lu,cw,finding,cross_a_under_b,5000,14,119,105,1.4142135623730951,,0.8151260504201681
ibk1,random_search,lu,cw,finding,cross_b_under_a,5000,14,119,105,1.4142135623730951,,0.9238095238095239
ibk1,random_search,ls,cw,check,hausdorff_a_to_b,5000,14,140,105,1.4142135623730951,0,0.6997378893540933
ibk1,random_search,ls,cw,check,hausdorff_b_to_a,5000,14,140,105,1.4142135623730951,0,0.0
ibk1,random_search,ls,cw,check,hausdorff_symmetric,5000,14,140,105,1.4142135623730951,0,0.6997378893540933
ibk1,random_search,ls,cw,check,coverage_a_in_b,5000,14,140,105,1.4142135623730951,0,1.0
ibk1,random_search,ls,cw,check,coverage_b_in_a,5000,14,140,105,1.4142135623730951,0,1.0
ibk1,random_search,ls,cw,check,overlap,5000,14,140,105,1.4142135623730951,0,1.0
ibk1,random_search,ls,cw,check,overlap_jaccard,5000,14,140,105,1.4142135623730951,0,1.0
ibk1,random_search,ls,cw,check,cross_a_under_b,5000,14,140,105,1.4142135623730951,0,0.75
ibk1,random_search,ls,cw,check,cross_b_under_a,5000,14,140,105,1.4142135623730951,0,1.0
ibk1,random_search,lu,ls,check,hausdorff_a_to_b,5000,15,151,179,1.4142135623730951,0,0.0
ibk1,random_search,lu,ls,check,hausdorff_b_to_a,5000,15,151,179,1.4142135623730951,0,0.5305104095212612
ibk1,random_search,lu,ls,check,hausdorff_symmetric,5000,15,151,179,1.4142135623730951,0,0.5305104095212612
ibk1,random_search,lu,ls,check,coverage_a_in_b,5000,15,151,179,1.4142135623730951,0,1.0
ibk1,random_search,lu,ls,check,coverage_b_in_a,5000,15,151,179,1.4142135623730951,0,1.0
ibk1,random_search,lu,ls,check,overlap,5000,15,151,179,1.4142135623730951,0,1.0
ibk1,random_search,lu,ls,check,overlap_jaccard,5000,15,151,179,1.4142135623730951,0,1.0
ibk1,random_search,lu,ls,check,cross_a_under_b,5000,15,151,179,1.4142135623730951,0,1.0
ibk1,random_search,lu,ls,check,cross_b_under_a,5000,15,151,179,1.4142135623730951,0,0.8435754189944135
ibk1,random_search,lu,cw,finding,hausdorff_a_to_b,5000,15,151,137,1.4142135623730951,,0.4779600552491583
ibk1,random_search,lu,cw,finding,hausdorff_b_to_a,5000,15,151,137,1.4142135623730951,,0.4657745004840551
ibk1,random_search,lu,cw,finding,hausdorff_symmetric,5000,15,151,137,1.4142135623730951,,0.4779600552491583
ibk1,random_search,lu,cw,finding,coverage_a_in_b,5000,15,151,137,1.4142135623730951,,1.0
ibk1,random_search,lu,cw,finding,coverage_b_in_a,5000,15,151,137,1.4142135623730951,,1.0
ibk1,random_search,lu,cw,finding,overlap,5000,15,151,137,1.4142135623730951,,1.0
ibk1,random_search,lu,cw,finding,overlap_jaccard,5000,15,151,137,1.4142135623730951,,1.0
ibk1,random_search,lu,cw,finding,cross_a_under_b,5000,15,151,137,1.4142135623730951,,0.8145695364238411
ibk1,random_search,lu,cw,finding,cross_b_under_a,5000,15,151,137,1.4142135623730951,,0.9051094890510949
ibk1,random_search,ls,cw,check,hausdorff_a_to_b,5000,15,179,137,1.4142135623730951,0,0.4779600552491583
ibk1,random_search,ls,cw,check,hausdorff_b_to_a,5000,15,179,137,1.4142135623730951,0,0.0
ibk1,random_search,ls,cw,check,hausdorff_symmetric,5000,15,179,137,1.4142135623730951,0,0.4779600552491583
ibk1,random_search,ls,cw,check,coverage_a_in_b,5000,15,179,137,1.4142135623730951,0,1.0
ibk1,random_search,ls,cw,check,coverage_b_in_a,5000,15,179,137,1.4142135623730951,0,1.0
ibk1,random_search,ls,cw,check,overlap,5000,15,179,137,1.4142135623730951,0,1.0
ibk1,random_search,ls,cw,check,overlap_jaccard,5000,15,179,137,1.4142135623730951,0,1.0
ibk1,random_search,ls,cw,check,cross_a_under_b,5000,15,179,137,1.4142135623730951,0,0.7653631284916201
ibk1,random_search,ls,cw,check,cross_b_under_a,5000,15,179,137,1.4142135623730951,0,1.0
ibk1,random_search,lu,ls,check,coverage_a_in_b,5000,11,121,145,0.0,,1.0
ibk1,random_search,lu,ls,check,coverage_b_in_a,5000,11,121,145,0.0,,0.8344827586206897
ibk1,random_search,lu,ls,check,overlap,5000,11,121,145,0.0,,0.9097744360902256
ibk1,random_search,lu,ls,check,overlap_jaccard,5000,11,121,145,0.0,,0.8344827586206897
ibk1,random_search,lu,cw,finding,coverage_a_in_b,5000,11,121,106,0.0,,0.8016528925619835
ibk1,random_search,lu,cw,finding,coverage_b_in_a,5000,11,121,106,0.0,,0.9150943396226415
ibk1,random_search,lu,cw,finding,overlap,5000,11,121,106,0.0,,0.8546255506607929
ibk1,random_search,lu,cw,finding,overlap_jaccard,5000,11,121,106,0.0,,0.7461538461538462
ibk1,random_search,ls,cw,check,coverage_a_in_b,5000,11,145,106,0.0,,0.7310344827586207
ibk1,random_search,ls,cw,check,coverage_b_in_a,5000,11,145,106,0.0,,1.0
ibk1,random_search,ls,cw,check,overlap,5000,11,145,106,0.0,,0.8446215139442231
ibk1,random_search,ls,cw,check,overlap_jaccard,5000,11,145,106,0.0,,0.7310344827586208
ibk1,random_search,lu,ls,check,coverage_a_in_b,5000,12,110,143,0.0,,1.0
ibk1,random_search,lu,ls,check,coverage_b_in_a,5000,12,110,143,0.0,,0.7692307692307693
ibk1,random_search,lu,ls,check,overlap,5000,12,110,143,0.0,,0.8695652173913043
ibk1,random_search,lu,ls,check,overlap_jaccard,5000,12,110,143,0.0,,0.7692307692307692
ibk1,random_search,lu,cw,finding,coverage_a_in_b,5000,12,110,102,0.0,,0.8454545454545455
ibk1,random_search,lu,cw,finding,coverage_b_in_a,5000,12,110,102,0.0,,0.9117647058823529
ibk1,random_search,lu,cw,finding,overlap,5000,12,110,102,0.0,,0.8773584905660378
ibk1,random_search,lu,cw,finding,overlap_jaccard,5000,12,110,102,0.0,,0.7815126050420168
ibk1,random_search,ls,cw,check,coverage_a_in_b,5000,12,143,102,0.0,,0.7132867132867133
ibk1,random_search,ls,cw,check,coverage_b_in_a,5000,12,143,102,0.0,,1.0
ibk1,random_search,ls,cw,check,overlap,5000,12,143,102,0.0,,0.8326530612244898
ibk1,random_search,ls,cw,check,overlap_jaccard,5000,12,143,102,0.0,,0.7132867132867132
ibk1,random_search,lu,ls,check,coverage_a_in_b,5000,13,132,160,0.0,,1.0
ibk1,random_search,lu,ls,check,coverage_b_in_a,5000,13,132,160,0.0,,0.825
ibk1,random_search,lu,ls,check,overlap,5000,13,132,160,0.0,,0.9041095890410958
ibk1,random_search,lu,ls,check,overlap_jaccard,5000,13,132,160,0.0,,0.825
ibk1,random_search,lu,cw,finding,coverage_a_in_b,5000,13,132,122,0.0,,0.8409090909090909
ibk1,random_search,lu,cw,finding,coverage_b_in_a,5000,13,132,122,0.0,,0.9098360655737705
ibk1,random_search,lu,cw,finding,overlap,5000,13,132,122,0.0,,0.8740157480314961
ibk1,random_search,lu,cw,finding,overlap_jaccard,5000,13,132,122,0.0,,0.7762237762237763
ibk1,random_search,ls,cw,check,coverage_a_in_b,5000,13,160,122,0.0,,0.7625
ibk1,random_search,ls,cw,check,coverage_b_in_a,5000,13,160,122,0.0,,1.0
ibk1,random_search,ls,cw,check,overlap,5000,13,160,122,0.0,,0.8652482269503546
ibk1,random_search,ls,cw,check,overlap_jaccard,5000,13,160,122,0.0,,0.7625000000000001
ibk1,random_search,lu,ls,check,coverage_a_in_b,5000,14,119,140,0.0,,1.0
ibk1,random_search,lu,ls,check,coverage_b_in_a,5000,14,119,140,0.0,,0.85
ibk1,random_search,lu,ls,check,overlap,5000,14,119,140,0.0,,0.918918918918919
ibk1,random_search,lu,ls,check,overlap_jaccard,5000,14,119,140,0.0,,0.85
ibk1,random_search,lu,cw,finding,coverage_a_in_b,5000,14,119,105,0.0,,0.8151260504201681
ibk1,random_search,lu,cw,finding,coverage_b_in_a,5000,14,119,105,0.0,,0.9238095238095239
ibk1,random_search,lu,cw,finding,overlap,5000,14,119,105,0.0,,0.8660714285714286
ibk1,random_search,lu,cw,finding,overlap_jaccard,5000,14,119,105,0.0,,0.7637795275590552
ibk1,random_search,ls,cw,check,coverage_a_in_b,5000,14,140,105,0.0,,0.75
ibk1,random_search,ls,cw,check,coverage_b_in_a,5000,14,140,105,0.0,,1.0
ibk1,random_search,ls,cw,check,overlap,5000,14,140,105,0.0,,0.8571428571428571
ibk1,random_search,ls,cw,check,overlap_jaccard,5000,14,140,105,0.0,,0.75
ibk1,random_search,lu,ls,check,coverage_a_in_b,5000,15,151,179,0.0,,1.0
ibk1,random_search,lu,ls,check,coverage_b_in_a,5000,15,151,179,0.0,,0.8435754189944135
ibk1,random_search,lu,ls,check,overlap,5000,15,151,179,0.0,,0.9151515151515152
ibk1,random_search,lu,ls,check,overlap_jaccard,5000,15,151,179,0.0,,0.8435754189944134
ibk1,random_search,lu,cw,finding,coverage_a_in_b,5000,15,151,137,0.0,,0.8145695364238411
ibk1,random_search,lu,cw,finding,coverage_b_in_a,5000,15,151,137,0.0,,0.8978102189781022
ibk1,random_search,lu,cw,finding,overlap,5000,15,151,137,0.0,,0.8541666666666666
ibk1,random_search,lu,cw,finding,overlap_jaccard,5000,15,151,137,0.0,,0.7454545454545454
ibk1,random_search,ls,cw,check,coverage_a_in_b,5000,15,179,137,0.0,,0.7653631284916201
ibk1,random_search,ls,cw,check,coverage_b_in_a,5000,15,179,137,0.0,,1.0
ibk1,random_search,ls,cw,check,overlap,5000,15,179,137,0.0,,0.8670886075949367
ibk1,random_search,ls,cw,check,overlap_jaccard,5000,15,179,137,0.0,,0.76536312849162
ibk1,random_search_noise_floor,lu,lu,check,coverage_a_in_b,5000,11,121,110,1.4142135623730951,,1.0
ibk1,random_search_noise_floor,lu,lu,check,coverage_b_in_a,5000,11,121,110,1.4142135623730951,,1.0
ibk1,random_search_noise_floor,lu,lu,check,overlap,5000,11,121,110,1.4142135623730951,,1.0
ibk1,random_search_noise_floor,lu,lu,check,overlap_jaccard,5000,11,121,110,1.4142135623730951,,1.0
ibk1,random_search_noise_floor,lu,lu,check,coverage_a_in_b,5000,12,110,132,1.4142135623730951,,1.0
ibk1,random_search_noise_floor,lu,lu,check,coverage_b_in_a,5000,12,110,132,1.4142135623730951,,1.0
ibk1,random_search_noise_floor,lu,lu,check,overlap,5000,12,110,132,1.4142135623730951,,1.0
ibk1,random_search_noise_floor,lu,lu,check,overlap_jaccard,5000,12,110,132,1.4142135623730951,,1.0
ibk1,random_search_noise_floor,lu,lu,check,coverage_a_in_b,5000,13,132,119,1.4142135623730951,,1.0
ibk1,random_search_noise_floor,lu,lu,check,coverage_b_in_a,5000,13,132,119,1.4142135623730951,,1.0
ibk1,random_search_noise_floor,lu,lu,check,overlap,5000,13,132,119,1.4142135623730951,,1.0
ibk1,random_search_noise_floor,lu,lu,check,overlap_jaccard,5000,13,132,119,1.4142135623730951,,1.0
ibk1,random_search_noise_floor,lu,lu,check,coverage_a_in_b,5000,14,119,151,1.4142135623730951,,1.0
ibk1,random_search_noise_floor,lu,lu,check,coverage_b_in_a,5000,14,119,151,1.4142135623730951,,1.0
ibk1,random_search_noise_floor,lu,lu,check,overlap,5000,14,119,151,1.4142135623730951,,1.0
ibk1,random_search_noise_floor,lu,lu,check,overlap_jaccard,5000,14,119,151,1.4142135623730951,,1.0
ibk1,random_search_noise_floor,lu,lu,check,coverage_a_in_b,5000,15,151,121,1.4142135623730951,,1.0
ibk1,random_search_noise_floor,lu,lu,check,coverage_b_in_a,5000,15,151,121,1.4142135623730951,,1.0
ibk1,random_search_noise_floor,lu,lu,check,overlap,5000,15,151,121,1.4142135623730951,,1.0
ibk1,random_search_noise_floor,lu,lu,check,overlap_jaccard,5000,15,151,121,1.4142135623730951,,1.0
ibk1,random_search_noise_floor,ls,ls,check,coverage_a_in_b,5000,11,145,143,1.4142135623730951,,1.0
ibk1,random_search_noise_floor,ls,ls,check,coverage_b_in_a,5000,11,145,143,1.4142135623730951,,1.0
ibk1,random_search_noise_floor,ls,ls,check,overlap,5000,11,145,143,1.4142135623730951,,1.0
ibk1,random_search_noise_floor,ls,ls,check,overlap_jaccard,5000,11,145,143,1.4142135623730951,,1.0
ibk1,random_search_noise_floor,ls,ls,check,coverage_a_in_b,5000,12,143,160,1.4142135623730951,,1.0
ibk1,random_search_noise_floor,ls,ls,check,coverage_b_in_a,5000,12,143,160,1.4142135623730951,,1.0
ibk1,random_search_noise_floor,ls,ls,check,overlap,5000,12,143,160,1.4142135623730951,,1.0
ibk1,random_search_noise_floor,ls,ls,check,overlap_jaccard,5000,12,143,160,1.4142135623730951,,1.0
ibk1,random_search_noise_floor,ls,ls,check,coverage_a_in_b,5000,13,160,140,1.4142135623730951,,1.0
ibk1,random_search_noise_floor,ls,ls,check,coverage_b_in_a,5000,13,160,140,1.4142135623730951,,1.0
ibk1,random_search_noise_floor,ls,ls,check,overlap,5000,13,160,140,1.4142135623730951,,1.0
ibk1,random_search_noise_floor,ls,ls,check,overlap_jaccard,5000,13,160,140,1.4142135623730951,,1.0
ibk1,random_search_noise_floor,ls,ls,check,coverage_a_in_b,5000,14,140,179,1.4142135623730951,,1.0
ibk1,random_search_noise_floor,ls,ls,check,coverage_b_in_a,5000,14,140,179,1.4142135623730951,,1.0
ibk1,random_search_noise_floor,ls,ls,check,overlap,5000,14,140,179,1.4142135623730951,,1.0
ibk1,random_search_noise_floor,ls,ls,check,overlap_jaccard,5000,14,140,179,1.4142135623730951,,1.0
ibk1,random_search_noise_floor,ls,ls,check,coverage_a_in_b,5000,15,179,145,1.4142135623730951,,1.0
ibk1,random_search_noise_floor,ls,ls,check,coverage_b_in_a,5000,15,179,145,1.4142135623730951,,1.0
ibk1,random_search_noise_floor,ls,ls,check,overlap,5000,15,179,145,1.4142135623730951,,1.0
ibk1,random_search_noise_floor,ls,ls,check,overlap_jaccard,5000,15,179,145,1.4142135623730951,,1.0
ibk1,random_search_noise_floor,cw,cw,check,coverage_a_in_b,5000,11,106,102,1.4142135623730951,,1.0
ibk1,random_search_noise_floor,cw,cw,check,coverage_b_in_a,5000,11,106,102,1.4142135623730951,,1.0
ibk1,random_search_noise_floor,cw,cw,check,overlap,5000,11,106,102,1.4142135623730951,,1.0
ibk1,random_search_noise_floor,cw,cw,check,overlap_jaccard,5000,11,106,102,1.4142135623730951,,1.0
ibk1,random_search_noise_floor,cw,cw,check,coverage_a_in_b,5000,12,102,122,1.4142135623730951,,1.0
ibk1,random_search_noise_floor,cw,cw,check,coverage_b_in_a,5000,12,102,122,1.4142135623730951,,1.0
ibk1,random_search_noise_floor,cw,cw,check,overlap,5000,12,102,122,1.4142135623730951,,1.0
ibk1,random_search_noise_floor,cw,cw,check,overlap_jaccard,5000,12,102,122,1.4142135623730951,,1.0
ibk1,random_search_noise_floor,cw,cw,check,coverage_a_in_b,5000,13,122,105,1.4142135623730951,,1.0
ibk1,random_search_noise_floor,cw,cw,check,coverage_b_in_a,5000,13,122,105,1.4142135623730951,,1.0
ibk1,random_search_noise_floor,cw,cw,check,overlap,5000,13,122,105,1.4142135623730951,,1.0
ibk1,random_search_noise_floor,cw,cw,check,overlap_jaccard,5000,13,122,105,1.4142135623730951,,1.0
ibk1,random_search_noise_floor,cw,cw,check,coverage_a_in_b,5000,14,105,137,1.4142135623730951,,1.0
ibk1,random_search_noise_floor,cw,cw,check,coverage_b_in_a,5000,14,105,137,1.4142135623730951,,1.0
ibk1,random_search_noise_floor,cw,cw,check,overlap,5000,14,105,137,1.4142135623730951,,1.0
ibk1,random_search_noise_floor,cw,cw,check,overlap_jaccard,5000,14,105,137,1.4142135623730951,,1.0
ibk1,random_search_noise_floor,cw,cw,check,coverage_a_in_b,5000,15,137,106,1.4142135623730951,,1.0
ibk1,random_search_noise_floor,cw,cw,check,coverage_b_in_a,5000,15,137,106,1.4142135623730951,,1.0
ibk1,random_search_noise_floor,cw,cw,check,overlap,5000,15,137,106,1.4142135623730951,,1.0
ibk1,random_search_noise_floor,cw,cw,check,overlap_jaccard,5000,15,137,106,1.4142135623730951,,1.0
ibk1,random_search,lu,ls,check,hausdorff_a_to_b,20000,11,413,501,1.4142135623730951,0,0.0
ibk1,random_search,lu,ls,check,hausdorff_b_to_a,20000,11,413,501,1.4142135623730951,0,0.3561172011605403
ibk1,random_search,lu,ls,check,hausdorff_symmetric,20000,11,413,501,1.4142135623730951,0,0.3561172011605403
ibk1,random_search,lu,ls,check,coverage_a_in_b,20000,11,413,501,1.4142135623730951,0,1.0
ibk1,random_search,lu,ls,check,coverage_b_in_a,20000,11,413,501,1.4142135623730951,0,1.0
ibk1,random_search,lu,ls,check,overlap,20000,11,413,501,1.4142135623730951,0,1.0
ibk1,random_search,lu,ls,check,overlap_jaccard,20000,11,413,501,1.4142135623730951,0,1.0
ibk1,random_search,lu,ls,check,cross_a_under_b,20000,11,413,501,1.4142135623730951,0,1.0
ibk1,random_search,lu,ls,check,cross_b_under_a,20000,11,413,501,1.4142135623730951,0,0.8243512974051896
ibk1,random_search,lu,cw,finding,hausdorff_a_to_b,20000,11,413,365,1.4142135623730951,,0.33375168335507926
ibk1,random_search,lu,cw,finding,hausdorff_b_to_a,20000,11,413,365,1.4142135623730951,,0.2521442396112153
ibk1,random_search,lu,cw,finding,hausdorff_symmetric,20000,11,413,365,1.4142135623730951,,0.33375168335507926
ibk1,random_search,lu,cw,finding,coverage_a_in_b,20000,11,413,365,1.4142135623730951,,1.0
ibk1,random_search,lu,cw,finding,coverage_b_in_a,20000,11,413,365,1.4142135623730951,,1.0
ibk1,random_search,lu,cw,finding,overlap,20000,11,413,365,1.4142135623730951,,1.0
ibk1,random_search,lu,cw,finding,overlap_jaccard,20000,11,413,365,1.4142135623730951,,1.0
ibk1,random_search,lu,cw,finding,cross_a_under_b,20000,11,413,365,1.4142135623730951,,0.8498789346246973
ibk1,random_search,lu,cw,finding,cross_b_under_a,20000,11,413,365,1.4142135623730951,,0.9616438356164384
ibk1,random_search,ls,cw,check,hausdorff_a_to_b,20000,11,501,365,1.4142135623730951,0,0.6600767200623864
ibk1,random_search,ls,cw,check,hausdorff_b_to_a,20000,11,501,365,1.4142135623730951,0,0.0
ibk1,random_search,ls,cw,check,hausdorff_symmetric,20000,11,501,365,1.4142135623730951,0,0.6600767200623864
ibk1,random_search,ls,cw,check,coverage_a_in_b,20000,11,501,365,1.4142135623730951,0,1.0
ibk1,random_search,ls,cw,check,coverage_b_in_a,20000,11,501,365,1.4142135623730951,0,1.0
ibk1,random_search,ls,cw,check,overlap,20000,11,501,365,1.4142135623730951,0,1.0
ibk1,random_search,ls,cw,check,overlap_jaccard,20000,11,501,365,1.4142135623730951,0,1.0
ibk1,random_search,ls,cw,check,cross_a_under_b,20000,11,501,365,1.4142135623730951,0,0.7285429141716567
ibk1,random_search,ls,cw,check,cross_b_under_a,20000,11,501,365,1.4142135623730951,0,1.0
ibk1,random_search,lu,ls,check,hausdorff_a_to_b,20000,12,380,465,1.4142135623730951,0,0.0
ibk1,random_search,lu,ls,check,hausdorff_b_to_a,20000,12,380,465,1.4142135623730951,0,0.47458900151982436
ibk1,random_search,lu,ls,check,hausdorff_symmetric,20000,12,380,465,1.4142135623730951,0,0.47458900151982436
ibk1,random_search,lu,ls,check,coverage_a_in_b,20000,12,380,465,1.4142135623730951,0,1.0
ibk1,random_search,lu,ls,check,coverage_b_in_a,20000,12,380,465,1.4142135623730951,0,1.0
ibk1,random_search,lu,ls,check,overlap,20000,12,380,465,1.4142135623730951,0,1.0
ibk1,random_search,lu,ls,check,overlap_jaccard,20000,12,380,465,1.4142135623730951,0,1.0
ibk1,random_search,lu,ls,check,cross_a_under_b,20000,12,380,465,1.4142135623730951,0,1.0
ibk1,random_search,lu,ls,check,cross_b_under_a,20000,12,380,465,1.4142135623730951,0,0.8172043010752689
ibk1,random_search,lu,cw,finding,hausdorff_a_to_b,20000,12,380,340,1.4142135623730951,,0.2937005388679603
ibk1,random_search,lu,cw,finding,hausdorff_b_to_a,20000,12,380,340,1.4142135623730951,,0.27783431175108464
ibk1,random_search,lu,cw,finding,hausdorff_symmetric,20000,12,380,340,1.4142135623730951,,0.2937005388679603
ibk1,random_search,lu,cw,finding,coverage_a_in_b,20000,12,380,340,1.4142135623730951,,1.0
ibk1,random_search,lu,cw,finding,coverage_b_in_a,20000,12,380,340,1.4142135623730951,,1.0
ibk1,random_search,lu,cw,finding,overlap,20000,12,380,340,1.4142135623730951,,1.0
ibk1,random_search,lu,cw,finding,overlap_jaccard,20000,12,380,340,1.4142135623730951,,1.0
ibk1,random_search,lu,cw,finding,cross_a_under_b,20000,12,380,340,1.4142135623730951,,0.8342105263157895
ibk1,random_search,lu,cw,finding,cross_b_under_a,20000,12,380,340,1.4142135623730951,,0.9352941176470588
ibk1,random_search,ls,cw,check,hausdorff_a_to_b,20000,12,465,340,1.4142135623730951,0,0.46720329326627946
ibk1,random_search,ls,cw,check,hausdorff_b_to_a,20000,12,465,340,1.4142135623730951,0,0.0
ibk1,random_search,ls,cw,check,hausdorff_symmetric,20000,12,465,340,1.4142135623730951,0,0.46720329326627946
ibk1,random_search,ls,cw,check,coverage_a_in_b,20000,12,465,340,1.4142135623730951,0,1.0
ibk1,random_search,ls,cw,check,coverage_b_in_a,20000,12,465,340,1.4142135623730951,0,1.0
ibk1,random_search,ls,cw,check,overlap,20000,12,465,340,1.4142135623730951,0,1.0
ibk1,random_search,ls,cw,check,overlap_jaccard,20000,12,465,340,1.4142135623730951,0,1.0
ibk1,random_search,ls,cw,check,cross_a_under_b,20000,12,465,340,1.4142135623730951,0,0.7311827956989247
ibk1,random_search,ls,cw,check,cross_b_under_a,20000,12,465,340,1.4142135623730951,0,1.0
ibk1,random_search,lu,ls,check,hausdorff_a_to_b,20000,13,370,453,1.4142135623730951,0,0.0
ibk1,random_search,lu,ls,check,hausdorff_b_to_a,20000,13,370,453,1.4142135623730951,0,0.4859520917278692
ibk1,random_search,lu,ls,check,hausdorff_symmetric,20000,13,370,453,1.4142135623730951,0,0.4859520917278692
ibk1,random_search,lu,ls,check,coverage_a_in_b,20000,13,370,453,1.4142135623730951,0,1.0
ibk1,random_search,lu,ls,check,coverage_b_in_a,20000,13,370,453,1.4142135623730951,0,1.0
ibk1,random_search,lu,ls,check,overlap,20000,13,370,453,1.4142135623730951,0,1.0
ibk1,random_search,lu,ls,check,overlap_jaccard,20000,13,370,453,1.4142135623730951,0,1.0
ibk1,random_search,lu,ls,check,cross_a_under_b,20000,13,370,453,1.4142135623730951,0,1.0
ibk1,random_search,lu,ls,check,cross_b_under_a,20000,13,370,453,1.4142135623730951,0,0.8167770419426048
ibk1,random_search,lu,cw,finding,hausdorff_a_to_b,20000,13,370,330,1.4142135623730951,,0.31558292554776757
ibk1,random_search,lu,cw,finding,hausdorff_b_to_a,20000,13,370,330,1.4142135623730951,,0.23636589122882184
ibk1,random_search,lu,cw,finding,hausdorff_symmetric,20000,13,370,330,1.4142135623730951,,0.31558292554776757
ibk1,random_search,lu,cw,finding,coverage_a_in_b,20000,13,370,330,1.4142135623730951,,1.0
ibk1,random_search,lu,cw,finding,coverage_b_in_a,20000,13,370,330,1.4142135623730951,,1.0
ibk1,random_search,lu,cw,finding,overlap,20000,13,370,330,1.4142135623730951,,1.0
ibk1,random_search,lu,cw,finding,overlap_jaccard,20000,13,370,330,1.4142135623730951,,1.0
ibk1,random_search,lu,cw,finding,cross_a_under_b,20000,13,370,330,1.4142135623730951,,0.8405405405405405
ibk1,random_search,lu,cw,finding,cross_b_under_a,20000,13,370,330,1.4142135623730951,,0.9393939393939394
ibk1,random_search,ls,cw,check,hausdorff_a_to_b,20000,13,453,330,1.4142135623730951,0,0.4859520917278692
ibk1,random_search,ls,cw,check,hausdorff_b_to_a,20000,13,453,330,1.4142135623730951,0,0.0
ibk1,random_search,ls,cw,check,hausdorff_symmetric,20000,13,453,330,1.4142135623730951,0,0.4859520917278692
ibk1,random_search,ls,cw,check,coverage_a_in_b,20000,13,453,330,1.4142135623730951,0,1.0
ibk1,random_search,ls,cw,check,coverage_b_in_a,20000,13,453,330,1.4142135623730951,0,1.0
ibk1,random_search,ls,cw,check,overlap,20000,13,453,330,1.4142135623730951,0,1.0
ibk1,random_search,ls,cw,check,overlap_jaccard,20000,13,453,330,1.4142135623730951,0,1.0
ibk1,random_search,ls,cw,check,cross_a_under_b,20000,13,453,330,1.4142135623730951,0,0.7284768211920529
ibk1,random_search,ls,cw,check,cross_b_under_a,20000,13,453,330,1.4142135623730951,0,1.0
ibk1,random_search,lu,ls,check,hausdorff_a_to_b,20000,14,374,454,1.4142135623730951,0,0.0
ibk1,random_search,lu,ls,check,hausdorff_b_to_a,20000,14,374,454,1.4142135623730951,0,0.38335631984853485
ibk1,random_search,lu,ls,check,hausdorff_symmetric,20000,14,374,454,1.4142135623730951,0,0.38335631984853485
ibk1,random_search,lu,ls,check,coverage_a_in_b,20000,14,374,454,1.4142135623730951,0,1.0
ibk1,random_search,lu,ls,check,coverage_b_in_a,20000,14,374,454,1.4142135623730951,0,1.0
ibk1,random_search,lu,ls,check,overlap,20000,14,374,454,1.4142135623730951,0,1.0
ibk1,random_search,lu,ls,check,overlap_jaccard,20000,14,374,454,1.4142135623730951,0,1.0
ibk1,random_search,lu,ls,check,cross_a_under_b,20000,14,374,454,1.4142135623730951,0,1.0
ibk1,random_search,lu,ls,check,cross_b_under_a,20000,14,374,454,1.4142135623730951,0,0.8237885462555066
ibk1,random_search,lu,cw,finding,hausdorff_a_to_b,20000,14,374,331,1.4142135623730951,,0.3469430638401267
ibk1,random_search,lu,cw,finding,hausdorff_b_to_a,20000,14,374,331,1.4142135623730951,,0.20534790444246337
ibk1,random_search,lu,cw,finding,hausdorff_symmetric,20000,14,374,331,1.4142135623730951,,0.3469430638401267
ibk1,random_search,lu,cw,finding,coverage_a_in_b,20000,14,374,331,1.4142135623730951,,1.0
ibk1,random_search,lu,cw,finding,coverage_b_in_a,20000,14,374,331,1.4142135623730951,,1.0
ibk1,random_search,lu,cw,finding,overlap,20000,14,374,331,1.4142135623730951,,1.0
ibk1,random_search,lu,cw,finding,overlap_jaccard,20000,14,374,331,1.4142135623730951,,1.0
ibk1,random_search,lu,cw,finding,cross_a_under_b,20000,14,374,331,1.4142135623730951,,0.8288770053475936
ibk1,random_search,lu,cw,finding,cross_b_under_a,20000,14,374,331,1.4142135623730951,,0.9395770392749244
ibk1,random_search,ls,cw,check,hausdorff_a_to_b,20000,14,454,331,1.4142135623730951,0,0.470493486732413
ibk1,random_search,ls,cw,check,hausdorff_b_to_a,20000,14,454,331,1.4142135623730951,0,0.0
ibk1,random_search,ls,cw,check,hausdorff_symmetric,20000,14,454,331,1.4142135623730951,0,0.470493486732413
ibk1,random_search,ls,cw,check,coverage_a_in_b,20000,14,454,331,1.4142135623730951,0,1.0
ibk1,random_search,ls,cw,check,coverage_b_in_a,20000,14,454,331,1.4142135623730951,0,1.0
ibk1,random_search,ls,cw,check,overlap,20000,14,454,331,1.4142135623730951,0,1.0
ibk1,random_search,ls,cw,check,overlap_jaccard,20000,14,454,331,1.4142135623730951,0,1.0
ibk1,random_search,ls,cw,check,cross_a_under_b,20000,14,454,331,1.4142135623730951,0,0.7290748898678414
ibk1,random_search,ls,cw,check,cross_b_under_a,20000,14,454,331,1.4142135623730951,0,1.0
ibk1,random_search,lu,ls,check,hausdorff_a_to_b,20000,15,425,525,1.4142135623730951,0,0.0
ibk1,random_search,lu,ls,check,hausdorff_b_to_a,20000,15,425,525,1.4142135623730951,0,0.39631641399707085
ibk1,random_search,lu,ls,check,hausdorff_symmetric,20000,15,425,525,1.4142135623730951,0,0.39631641399707085
ibk1,random_search,lu,ls,check,coverage_a_in_b,20000,15,425,525,1.4142135623730951,0,1.0
ibk1,random_search,lu,ls,check,coverage_b_in_a,20000,15,425,525,1.4142135623730951,0,1.0
ibk1,random_search,lu,ls,check,overlap,20000,15,425,525,1.4142135623730951,0,1.0
ibk1,random_search,lu,ls,check,overlap_jaccard,20000,15,425,525,1.4142135623730951,0,1.0
ibk1,random_search,lu,ls,check,cross_a_under_b,20000,15,425,525,1.4142135623730951,0,1.0
ibk1,random_search,lu,ls,check,cross_b_under_a,20000,15,425,525,1.4142135623730951,0,0.8095238095238095
ibk1,random_search,lu,cw,finding,hausdorff_a_to_b,20000,15,425,377,1.4142135623730951,,0.4078226653188147
ibk1,random_search,lu,cw,finding,hausdorff_b_to_a,20000,15,425,377,1.4142135623730951,,0.19018840176625632
ibk1,random_search,lu,cw,finding,hausdorff_symmetric,20000,15,425,377,1.4142135623730951,,0.4078226653188147
ibk1,random_search,lu,cw,finding,coverage_a_in_b,20000,15,425,377,1.4142135623730951,,1.0
ibk1,random_search,lu,cw,finding,coverage_b_in_a,20000,15,425,377,1.4142135623730951,,1.0
ibk1,random_search,lu,cw,finding,overlap,20000,15,425,377,1.4142135623730951,,1.0
ibk1,random_search,lu,cw,finding,overlap_jaccard,20000,15,425,377,1.4142135623730951,,1.0
ibk1,random_search,lu,cw,finding,cross_a_under_b,20000,15,425,377,1.4142135623730951,,0.8376470588235294
ibk1,random_search,lu,cw,finding,cross_b_under_a,20000,15,425,377,1.4142135623730951,,0.9442970822281167
ibk1,random_search,ls,cw,check,hausdorff_a_to_b,20000,15,525,377,1.4142135623730951,0,0.605374578220926
ibk1,random_search,ls,cw,check,hausdorff_b_to_a,20000,15,525,377,1.4142135623730951,0,0.0
ibk1,random_search,ls,cw,check,hausdorff_symmetric,20000,15,525,377,1.4142135623730951,0,0.605374578220926
ibk1,random_search,ls,cw,check,coverage_a_in_b,20000,15,525,377,1.4142135623730951,0,1.0
ibk1,random_search,ls,cw,check,coverage_b_in_a,20000,15,525,377,1.4142135623730951,0,1.0
ibk1,random_search,ls,cw,check,overlap,20000,15,525,377,1.4142135623730951,0,1.0
ibk1,random_search,ls,cw,check,overlap_jaccard,20000,15,525,377,1.4142135623730951,0,1.0
ibk1,random_search,ls,cw,check,cross_a_under_b,20000,15,525,377,1.4142135623730951,0,0.7180952380952381
ibk1,random_search,ls,cw,check,cross_b_under_a,20000,15,525,377,1.4142135623730951,0,1.0
ibk1,random_search,lu,ls,check,coverage_a_in_b,20000,11,413,501,0.0,,1.0
ibk1,random_search,lu,ls,check,coverage_b_in_a,20000,11,413,501,0.0,,0.8243512974051896
ibk1,random_search,lu,ls,check,overlap,20000,11,413,501,0.0,,0.9037199124726477
ibk1,random_search,lu,ls,check,overlap_jaccard,20000,11,413,501,0.0,,0.8243512974051898
ibk1,random_search,lu,cw,finding,coverage_a_in_b,20000,11,413,365,0.0,,0.8498789346246973
ibk1,random_search,lu,cw,finding,coverage_b_in_a,20000,11,413,365,0.0,,0.9616438356164384
ibk1,random_search,lu,cw,finding,overlap,20000,11,413,365,0.0,,0.9023136246786633
ibk1,random_search,lu,cw,finding,overlap_jaccard,20000,11,413,365,0.0,,0.8220140515222484
ibk1,random_search,ls,cw,check,coverage_a_in_b,20000,11,501,365,0.0,,0.7285429141716567
ibk1,random_search,ls,cw,check,coverage_b_in_a,20000,11,501,365,0.0,,1.0
ibk1,random_search,ls,cw,check,overlap,20000,11,501,365,0.0,,0.8429561200923787
ibk1,random_search,ls,cw,check,overlap_jaccard,20000,11,501,365,0.0,,0.7285429141716567
ibk1,random_search,lu,ls,check,coverage_a_in_b,20000,12,380,465,0.0,,1.0
ibk1,random_search,lu,ls,check,coverage_b_in_a,20000,12,380,465,0.0,,0.8172043010752689
ibk1,random_search,lu,ls,check,overlap,20000,12,380,465,0.0,,0.8994082840236687
ibk1,random_search,lu,ls,check,overlap_jaccard,20000,12,380,465,0.0,,0.817204301075269
ibk1,random_search,lu,cw,finding,coverage_a_in_b,20000,12,380,340,0.0,,0.8342105263157895
ibk1,random_search,lu,cw,finding,coverage_b_in_a,20000,12,380,340,0.0,,0.9323529411764706
ibk1,random_search,lu,cw,finding,overlap,20000,12,380,340,0.0,,0.8805555555555555
ibk1,random_search,lu,cw,finding,overlap_jaccard,20000,12,380,340,0.0,,0.7866004962779156
ibk1,random_search,ls,cw,check,coverage_a_in_b,20000,12,465,340,0.0,,0.7311827956989247
ibk1,random_search,ls,cw,check,coverage_b_in_a,20000,12,465,340,0.0,,1.0
ibk1,random_search,ls,cw,check,overlap,20000,12,465,340,0.0,,0.84472049689441
ibk1,random_search,ls,cw,check,overlap_jaccard,20000,12,465,340,0.0,,0.7311827956989247
ibk1,random_search,lu,ls,check,coverage_a_in_b,20000,13,370,453,0.0,,1.0
ibk1,random_search,lu,ls,check,coverage_b_in_a,20000,13,370,453,0.0,,0.8167770419426048
ibk1,random_search,lu,ls,check,overlap,20000,13,370,453,0.0,,0.8991494532199271
ibk1,random_search,lu,ls,check,overlap_jaccard,20000,13,370,453,0.0,,0.8167770419426049
ibk1,random_search,lu,cw,finding,coverage_a_in_b,20000,13,370,330,0.0,,0.8378378378378378
ibk1,random_search,lu,cw,finding,coverage_b_in_a,20000,13,370,330,0.0,,0.9393939393939394
ibk1,random_search,lu,cw,finding,overlap,20000,13,370,330,0.0,,0.8857142857142857
ibk1,random_search,lu,cw,finding,overlap_jaccard,20000,13,370,330,0.0,,0.7948717948717948
ibk1,random_search,ls,cw,check,coverage_a_in_b,20000,13,453,330,0.0,,0.7284768211920529
ibk1,random_search,ls,cw,check,coverage_b_in_a,20000,13,453,330,0.0,,1.0
ibk1,random_search,ls,cw,check,overlap,20000,13,453,330,0.0,,0.842911877394636
ibk1,random_search,ls,cw,check,overlap_jaccard,20000,13,453,330,0.0,,0.728476821192053
ibk1,random_search,lu,ls,check,coverage_a_in_b,20000,14,374,454,0.0,,1.0
ibk1,random_search,lu,ls,check,coverage_b_in_a,20000,14,374,454,0.0,,0.8237885462555066
ibk1,random_search,lu,ls,check,overlap,20000,14,374,454,0.0,,0.9033816425120773
ibk1,random_search,lu,ls,check,overlap_jaccard,20000,14,374,454,0.0,,0.8237885462555067
ibk1,random_search,lu,cw,finding,coverage_a_in_b,20000,14,374,331,0.0,,0.8288770053475936
ibk1,random_search,lu,cw,finding,coverage_b_in_a,20000,14,374,331,0.0,,0.9365558912386707
ibk1,random_search,lu,cw,finding,overlap,20000,14,374,331,0.0,,0.8794326241134752
ibk1,random_search,lu,cw,finding,overlap_jaccard,20000,14,374,331,0.0,,0.7848101265822784
ibk1,random_search,ls,cw,check,coverage_a_in_b,20000,14,454,331,0.0,,0.7290748898678414
ibk1,random_search,ls,cw,check,coverage_b_in_a,20000,14,454,331,0.0,,1.0
ibk1,random_search,ls,cw,check,overlap,20000,14,454,331,0.0,,0.8433121019108281
ibk1,random_search,ls,cw,check,overlap_jaccard,20000,14,454,331,0.0,,0.7290748898678414
ibk1,random_search,lu,ls,check,coverage_a_in_b,20000,15,425,525,0.0,,1.0
ibk1,random_search,lu,ls,check,coverage_b_in_a,20000,15,425,525,0.0,,0.8095238095238095
ibk1,random_search,lu,ls,check,overlap,20000,15,425,525,0.0,,0.8947368421052632
ibk1,random_search,lu,ls,check,overlap_jaccard,20000,15,425,525,0.0,,0.8095238095238096
ibk1,random_search,lu,cw,finding,coverage_a_in_b,20000,15,425,377,0.0,,0.8376470588235294
ibk1,random_search,lu,cw,finding,coverage_b_in_a,20000,15,425,377,0.0,,0.9442970822281167
ibk1,random_search,lu,cw,finding,overlap,20000,15,425,377,0.0,,0.8877805486284289
ibk1,random_search,lu,cw,finding,overlap_jaccard,20000,15,425,377,0.0,,0.7982062780269058
ibk1,random_search,ls,cw,check,coverage_a_in_b,20000,15,525,377,0.0,,0.7180952380952381
ibk1,random_search,ls,cw,check,coverage_b_in_a,20000,15,525,377,0.0,,1.0
ibk1,random_search,ls,cw,check,overlap,20000,15,525,377,0.0,,0.835920177383592
ibk1,random_search,ls,cw,check,overlap_jaccard,20000,15,525,377,0.0,,0.7180952380952381
ibk1,random_search_noise_floor,lu,lu,check,coverage_a_in_b,20000,11,413,380,1.4142135623730951,,1.0
ibk1,random_search_noise_floor,lu,lu,check,coverage_b_in_a,20000,11,413,380,1.4142135623730951,,1.0
ibk1,random_search_noise_floor,lu,lu,check,overlap,20000,11,413,380,1.4142135623730951,,1.0
ibk1,random_search_noise_floor,lu,lu,check,overlap_jaccard,20000,11,413,380,1.4142135623730951,,1.0
ibk1,random_search_noise_floor,lu,lu,check,coverage_a_in_b,20000,12,380,370,1.4142135623730951,,1.0
ibk1,random_search_noise_floor,lu,lu,check,coverage_b_in_a,20000,12,380,370,1.4142135623730951,,1.0
ibk1,random_search_noise_floor,lu,lu,check,overlap,20000,12,380,370,1.4142135623730951,,1.0
ibk1,random_search_noise_floor,lu,lu,check,overlap_jaccard,20000,12,380,370,1.4142135623730951,,1.0
ibk1,random_search_noise_floor,lu,lu,check,coverage_a_in_b,20000,13,370,374,1.4142135623730951,,1.0
ibk1,random_search_noise_floor,lu,lu,check,coverage_b_in_a,20000,13,370,374,1.4142135623730951,,1.0
ibk1,random_search_noise_floor,lu,lu,check,overlap,20000,13,370,374,1.4142135623730951,,1.0
ibk1,random_search_noise_floor,lu,lu,check,overlap_jaccard,20000,13,370,374,1.4142135623730951,,1.0
ibk1,random_search_noise_floor,lu,lu,check,coverage_a_in_b,20000,14,374,425,1.4142135623730951,,1.0
ibk1,random_search_noise_floor,lu,lu,check,coverage_b_in_a,20000,14,374,425,1.4142135623730951,,1.0
ibk1,random_search_noise_floor,lu,lu,check,overlap,20000,14,374,425,1.4142135623730951,,1.0
ibk1,random_search_noise_floor,lu,lu,check,overlap_jaccard,20000,14,374,425,1.4142135623730951,,1.0
ibk1,random_search_noise_floor,lu,lu,check,coverage_a_in_b,20000,15,425,413,1.4142135623730951,,1.0
ibk1,random_search_noise_floor,lu,lu,check,coverage_b_in_a,20000,15,425,413,1.4142135623730951,,1.0
ibk1,random_search_noise_floor,lu,lu,check,overlap,20000,15,425,413,1.4142135623730951,,1.0
ibk1,random_search_noise_floor,lu,lu,check,overlap_jaccard,20000,15,425,413,1.4142135623730951,,1.0
ibk1,random_search_noise_floor,ls,ls,check,coverage_a_in_b,20000,11,501,465,1.4142135623730951,,1.0
ibk1,random_search_noise_floor,ls,ls,check,coverage_b_in_a,20000,11,501,465,1.4142135623730951,,1.0
ibk1,random_search_noise_floor,ls,ls,check,overlap,20000,11,501,465,1.4142135623730951,,1.0
ibk1,random_search_noise_floor,ls,ls,check,overlap_jaccard,20000,11,501,465,1.4142135623730951,,1.0
ibk1,random_search_noise_floor,ls,ls,check,coverage_a_in_b,20000,12,465,453,1.4142135623730951,,1.0
ibk1,random_search_noise_floor,ls,ls,check,coverage_b_in_a,20000,12,465,453,1.4142135623730951,,1.0
ibk1,random_search_noise_floor,ls,ls,check,overlap,20000,12,465,453,1.4142135623730951,,1.0
ibk1,random_search_noise_floor,ls,ls,check,overlap_jaccard,20000,12,465,453,1.4142135623730951,,1.0
ibk1,random_search_noise_floor,ls,ls,check,coverage_a_in_b,20000,13,453,454,1.4142135623730951,,1.0
ibk1,random_search_noise_floor,ls,ls,check,coverage_b_in_a,20000,13,453,454,1.4142135623730951,,1.0
ibk1,random_search_noise_floor,ls,ls,check,overlap,20000,13,453,454,1.4142135623730951,,1.0
ibk1,random_search_noise_floor,ls,ls,check,overlap_jaccard,20000,13,453,454,1.4142135623730951,,1.0
ibk1,random_search_noise_floor,ls,ls,check,coverage_a_in_b,20000,14,454,525,1.4142135623730951,,1.0
ibk1,random_search_noise_floor,ls,ls,check,coverage_b_in_a,20000,14,454,525,1.4142135623730951,,1.0
ibk1,random_search_noise_floor,ls,ls,check,overlap,20000,14,454,525,1.4142135623730951,,1.0
ibk1,random_search_noise_floor,ls,ls,check,overlap_jaccard,20000,14,454,525,1.4142135623730951,,1.0
ibk1,random_search_noise_floor,ls,ls,check,coverage_a_in_b,20000,15,525,501,1.4142135623730951,,1.0
ibk1,random_search_noise_floor,ls,ls,check,coverage_b_in_a,20000,15,525,501,1.4142135623730951,,1.0
ibk1,random_search_noise_floor,ls,ls,check,overlap,20000,15,525,501,1.4142135623730951,,1.0
ibk1,random_search_noise_floor,ls,ls,check,overlap_jaccard,20000,15,525,501,1.4142135623730951,,1.0
ibk1,random_search_noise_floor,cw,cw,check,coverage_a_in_b,20000,11,365,340,1.4142135623730951,,1.0
ibk1,random_search_noise_floor,cw,cw,check,coverage_b_in_a,20000,11,365,340,1.4142135623730951,,1.0
ibk1,random_search_noise_floor,cw,cw,check,overlap,20000,11,365,340,1.4142135623730951,,1.0
ibk1,random_search_noise_floor,cw,cw,check,overlap_jaccard,20000,11,365,340,1.4142135623730951,,1.0
ibk1,random_search_noise_floor,cw,cw,check,coverage_a_in_b,20000,12,340,330,1.4142135623730951,,1.0
ibk1,random_search_noise_floor,cw,cw,check,coverage_b_in_a,20000,12,340,330,1.4142135623730951,,1.0
ibk1,random_search_noise_floor,cw,cw,check,overlap,20000,12,340,330,1.4142135623730951,,1.0
ibk1,random_search_noise_floor,cw,cw,check,overlap_jaccard,20000,12,340,330,1.4142135623730951,,1.0
ibk1,random_search_noise_floor,cw,cw,check,coverage_a_in_b,20000,13,330,331,1.4142135623730951,,1.0
ibk1,random_search_noise_floor,cw,cw,check,coverage_b_in_a,20000,13,330,331,1.4142135623730951,,1.0
ibk1,random_search_noise_floor,cw,cw,check,overlap,20000,13,330,331,1.4142135623730951,,1.0
ibk1,random_search_noise_floor,cw,cw,check,overlap_jaccard,20000,13,330,331,1.4142135623730951,,1.0
ibk1,random_search_noise_floor,cw,cw,check,coverage_a_in_b,20000,14,331,377,1.4142135623730951,,1.0
ibk1,random_search_noise_floor,cw,cw,check,coverage_b_in_a,20000,14,331,377,1.4142135623730951,,1.0
ibk1,random_search_noise_floor,cw,cw,check,overlap,20000,14,331,377,1.4142135623730951,,1.0
ibk1,random_search_noise_floor,cw,cw,check,overlap_jaccard,20000,14,331,377,1.4142135623730951,,1.0
ibk1,random_search_noise_floor,cw,cw,check,coverage_a_in_b,20000,15,377,365,1.4142135623730951,,1.0
ibk1,random_search_noise_floor,cw,cw,check,coverage_b_in_a,20000,15,377,365,1.4142135623730951,,1.0
ibk1,random_search_noise_floor,cw,cw,check,overlap,20000,15,377,365,1.4142135623730951,,1.0
ibk1,random_search_noise_floor,cw,cw,check,overlap_jaccard,20000,15,377,365,1.4142135623730951,,1.0
