problem,solver,phi_a,phi_b,status,metric,n_evals,seed,delta_box_fraction,delta,box_scale,cardinality_a,cardinality_b,containment_violations,value
ibk1,random_search,lu,ls,check,coverage_a_in_b,5000,11,0.0,0.0,28.284271247461902,121,145,,1.0
ibk1,random_search,lu,ls,check,coverage_b_in_a,5000,11,0.0,0.0,28.284271247461902,121,145,,0.8344827586206897
ibk1,random_search,lu,ls,check,overlap,5000,11,0.0,0.0,28.284271247461902,121,145,,0.9097744360902256
ibk1,random_search,lu,ls,check,overlap_jaccard,5000,11,0.0,0.0,28.284271247461902,121,145,,0.8344827586206897
ibk1,random_search,lu,cw,finding,coverage_a_in_b,5000,11,0.0,0.0,28.284271247461902,121,106,,0.8016528925619835
ibk1,random_search,lu,cw,finding,coverage_b_in_a,5000,11,0.0,0.0,28.284271247461902,121,106,,0.9150943396226415
ibk1,random_search,lu,cw,finding,overlap,5000,11,0.0,0.0,28.284271247461902,121,106,,0.8546255506607929
ibk1,random_search,lu,cw,finding,overlap_jaccard,5000,11,0.0,0.0,28.284271247461902,121,106,,0.7461538461538462
ibk1,random_search,ls,cw,check,coverage_a_in_b,5000,11,0.0,0.0,28.284271247461902,145,106,,0.7310344827586207
ibk1,random_search,ls,cw,check,coverage_b_in_a,5000,11,0.0,0.0,28.284271247461902,145,106,,1.0
ibk1,random_search,ls,cw,check,overlap,5000,11,0.0,0.0,28.284271247461902,145,106,,0.8446215139442231
ibk1,random_search,ls,cw,check,overlap_jaccard,5000,11,0.0,0.0,28.284271247461902,145,106,,0.7310344827586208
ibk1,random_search,lu,ls,check,coverage_a_in_b,5000,11,0.01,0.282842712474619,28.284271247461902,121,145,,1.0
ibk1,random_search,lu,ls,check,coverage_b_in_a,5000,11,0.01,0.282842712474619,28.284271247461902,121,145,,0.9448275862068966
ibk1,random_search,lu,ls,check,overlap,5000,11,0.01,0.282842712474619,28.284271247461902,121,145,,0.9699248120300752
ibk1,random_search,lu,ls,check,overlap_jaccard,5000,11,0.01,0.282842712474619,28.284271247461902,121,145,,0.9416058394160584
ibk1,random_search,lu,cw,finding,coverage_a_in_b,5000,11,0.01,0.282842712474619,28.284271247461902,121,106,,0.9504132231404959
ibk1,random_search,lu,cw,finding,coverage_b_in_a,5000,11,0.01,0.282842712474619,28.284271247461902,121,106,,0.9811320754716981
ibk1,random_search,lu,cw,finding,overlap,5000,11,0.01,0.282842712474619,28.284271247461902,121,106,,0.9647577092511013
ibk1,random_search,lu,cw,finding,overlap_jaccard,5000,11,0.01,0.282842712474619,28.284271247461902,121,106,,0.9319148936170212
ibk1,random_search,ls,cw,check,coverage_a_in_b,5000,11,0.01,0.282842712474619,28.284271247461902,145,106,,0.9172413793103448
ibk1,random_search,ls,cw,check,coverage_b_in_a,5000,11,0.01,0.282842712474619,28.284271247461902,145,106,,1.0
ibk1,random_search,ls,cw,check,overlap,5000,11,0.01,0.282842712474619,28.284271247461902,145,106,,0.952191235059761
ibk1,random_search,ls,cw,check,overlap_jaccard,5000,11,0.01,0.282842712474619,28.284271247461902,145,106,,0.9087452471482891
ibk1,random_search,lu,ls,check,coverage_a_in_b,5000,11,0.02,0.565685424949238,28.284271247461902,121,145,,1.0
ibk1,random_search,lu,ls,check,coverage_b_in_a,5000,11,0.02,0.565685424949238,28.284271247461902,121,145,,0.993103448275862
ibk1,random_search,lu,ls,check,overlap,5000,11,0.02,0.565685424949238,28.284271247461902,121,145,,0.9962406015037594
ibk1,random_search,lu,ls,check,overlap_jaccard,5000,11,0.02,0.565685424949238,28.284271247461902,121,145,,0.9925093632958802
ibk1,random_search,lu,cw,finding,coverage_a_in_b,5000,11,0.02,0.565685424949238,28.284271247461902,121,106,,1.0
ibk1,random_search,lu,cw,finding,coverage_b_in_a,5000,11,0.02,0.565685424949238,28.284271247461902,121,106,,1.0
ibk1,random_search,lu,cw,finding,overlap,5000,11,0.02,0.565685424949238,28.284271247461902,121,106,,1.0
ibk1,random_search,lu,cw,finding,overlap_jaccard,5000,11,0.02,0.565685424949238,28.284271247461902,121,106,,1.0
ibk1,random_search,ls,cw,check,coverage_a_in_b,5000,11,0.02,0.565685424949238,28.284271247461902,145,106,,0.993103448275862
ibk1,random_search,ls,cw,check,coverage_b_in_a,5000,11,0.02,0.565685424949238,28.284271247461902,145,106,,1.0
ibk1,random_search,ls,cw,check,overlap,5000,11,0.02,0.565685424949238,28.284271247461902,145,106,,0.9960159362549801
ibk1,random_search,ls,cw,check,overlap_jaccard,5000,11,0.02,0.565685424949238,28.284271247461902,145,106,,0.9920634920634921
ibk1,random_search,lu,ls,check,coverage_a_in_b,5000,11,0.05,1.4142135623730951,28.284271247461902,121,145,,1.0
ibk1,random_search,lu,ls,check,coverage_b_in_a,5000,11,0.05,1.4142135623730951,28.284271247461902,121,145,,1.0
ibk1,random_search,lu,ls,check,overlap,5000,11,0.05,1.4142135623730951,28.284271247461902,121,145,,1.0
ibk1,random_search,lu,ls,check,overlap_jaccard,5000,11,0.05,1.4142135623730951,28.284271247461902,121,145,,1.0
ibk1,random_search,lu,cw,finding,coverage_a_in_b,5000,11,0.05,1.4142135623730951,28.284271247461902,121,106,,1.0
ibk1,random_search,lu,cw,finding,coverage_b_in_a,5000,11,0.05,1.4142135623730951,28.284271247461902,121,106,,1.0
ibk1,random_search,lu,cw,finding,overlap,5000,11,0.05,1.4142135623730951,28.284271247461902,121,106,,1.0
ibk1,random_search,lu,cw,finding,overlap_jaccard,5000,11,0.05,1.4142135623730951,28.284271247461902,121,106,,1.0
ibk1,random_search,ls,cw,check,coverage_a_in_b,5000,11,0.05,1.4142135623730951,28.284271247461902,145,106,,1.0
ibk1,random_search,ls,cw,check,coverage_b_in_a,5000,11,0.05,1.4142135623730951,28.284271247461902,145,106,,1.0
ibk1,random_search,ls,cw,check,overlap,5000,11,0.05,1.4142135623730951,28.284271247461902,145,106,,1.0
ibk1,random_search,ls,cw,check,overlap_jaccard,5000,11,0.05,1.4142135623730951,28.284271247461902,145,106,,1.0
ibk1,random_search,lu,ls,check,coverage_a_in_b,5000,11,0.1,2.8284271247461903,28.284271247461902,121,145,,1.0
ibk1,random_search,lu,ls,check,coverage_b_in_a,5000,11,0.1,2.8284271247461903,28.284271247461902,121,145,,1.0
ibk1,random_search,lu,ls,check,overlap,5000,11,0.1,2.8284271247461903,28.284271247461902,121,145,,1.0
ibk1,random_search,lu,ls,check,overlap_jaccard,5000,11,0.1,2.8284271247461903,28.284271247461902,121,145,,1.0
ibk1,random_search,lu,cw,finding,coverage_a_in_b,5000,11,0.1,2.8284271247461903,28.284271247461902,121,106,,1.0
ibk1,random_search,lu,cw,finding,coverage_b_in_a,5000,11,0.1,2.8284271247461903,28.284271247461902,121,106,,1.0
ibk1,random_search,lu,cw,finding,overlap,5000,11,0.1,2.8284271247461903,28.284271247461902,121,106,,1.0
ibk1,random_search,lu,cw,finding,overlap_jaccard,5000,11,0.1,2.8284271247461903,28.284271247461902,121,106,,1.0
ibk1,random_search,ls,cw,check,coverage_a_in_b,5000,11,0.1,2.8284271247461903,28.284271247461902,145,106,,1.0
ibk1,random_search,ls,cw,check,coverage_b_in_a,5000,11,0.1,2.8284271247461903,28.284271247461902,145,106,,1.0
ibk1,random_search,ls,cw,check,overlap,5000,11,0.1,2.8284271247461903,28.284271247461902,145,106,,1.0
ibk1,random_search,ls,cw,check,overlap_jaccard,5000,11,0.1,2.8284271247461903,28.284271247461902,145,106,,1.0
ibk1,random_search,lu,ls,check,coverage_a_in_b,5000,11,0.2,5.656854249492381,28.284271247461902,121,145,,1.0
ibk1,random_search,lu,ls,check,coverage_b_in_a,5000,11,0.2,5.656854249492381,28.284271247461902,121,145,,1.0
ibk1,random_search,lu,ls,check,overlap,5000,11,0.2,5.656854249492381,28.284271247461902,121,145,,1.0
ibk1,random_search,lu,ls,check,overlap_jaccard,5000,11,0.2,5.656854249492381,28.284271247461902,121,145,,1.0
ibk1,random_search,lu,cw,finding,coverage_a_in_b,5000,11,0.2,5.656854249492381,28.284271247461902,121,106,,1.0
ibk1,random_search,lu,cw,finding,coverage_b_in_a,5000,11,0.2,5.656854249492381,28.284271247461902,121,106,,1.0
ibk1,random_search,lu,cw,finding,overlap,5000,11,0.2,5.656854249492381,28.284271247461902,121,106,,1.0
ibk1,random_search,lu,cw,finding,overlap_jaccard,5000,11,0.2,5.656854249492381,28.284271247461902,121,106,,1.0
ibk1,random_search,ls,cw,check,coverage_a_in_b,5000,11,0.2,5.656854249492381,28.284271247461902,145,106,,1.0
ibk1,random_search,ls,cw,check,coverage_b_in_a,5000,11,0.2,5.656854249492381,28.284271247461902,145,106,,1.0
ibk1,random_search,ls,cw,check,overlap,5000,11,0.2,5.656854249492381,28.284271247461902,145,106,,1.0
ibk1,random_search,ls,cw,check,overlap_jaccard,5000,11,0.2,5.656854249492381,28.284271247461902,145,106,,1.0
ibk1,random_search,lu,ls,check,coverage_a_in_b,5000,12,0.0,0.0,28.284271247461902,110,143,,1.0
ibk1,random_search,lu,ls,check,coverage_b_in_a,5000,12,0.0,0.0,28.284271247461902,110,143,,0.7692307692307693
ibk1,random_search,lu,ls,check,overlap,5000,12,0.0,0.0,28.284271247461902,110,143,,0.8695652173913043
ibk1,random_search,lu,ls,check,overlap_jaccard,5000,12,0.0,0.0,28.284271247461902,110,143,,0.7692307692307692
ibk1,random_search,lu,cw,finding,coverage_a_in_b,5000,12,0.0,0.0,28.284271247461902,110,102,,0.8454545454545455
ibk1,random_search,lu,cw,finding,coverage_b_in_a,5000,12,0.0,0.0,28.284271247461902,110,102,,0.9117647058823529
ibk1,random_search,lu,cw,finding,overlap,5000,12,0.0,0.0,28.284271247461902,110,102,,0.8773584905660378
ibk1,random_search,lu,cw,finding,overlap_jaccard,5000,12,0.0,0.0,28.284271247461902,110,102,,0.7815126050420168
ibk1,random_search,ls,cw,check,coverage_a_in_b,5000,12,0.0,0.0,28.284271247461902,143,102,,0.7132867132867133
ibk1,random_search,ls,cw,check,coverage_b_in_a,5000,12,0.0,0.0,28.284271247461902,143,102,,1.0
ibk1,random_search,ls,cw,check,overlap,5000,12,0.0,0.0,28.284271247461902,143,102,,0.8326530612244898
ibk1,random_search,ls,cw,check,overlap_jaccard,5000,12,0.0,0.0,28.284271247461902,143,102,,0.7132867132867132
ibk1,random_search,lu,ls,check,coverage_a_in_b,5000,12,0.01,0.282842712474619,28.284271247461902,110,143,,1.0
ibk1,random_search,lu,ls,check,coverage_b_in_a,5000,12,0.01,0.282842712474619,28.284271247461902,110,143,,0.8951048951048951
ibk1,random_search,lu,ls,check,overlap,5000,12,0.01,0.282842712474619,28.284271247461902,110,143,,0.9407114624505929
ibk1,random_search,lu,ls,check,overlap_jaccard,5000,12,0.01,0.282842712474619,28.284271247461902,110,143,,0.8880597014925372
ibk1,random_search,lu,cw,finding,coverage_a_in_b,5000,12,0.01,0.282842712474619,28.284271247461902,110,102,,0.9181818181818182
ibk1,random_search,lu,cw,finding,coverage_b_in_a,5000,12,0.01,0.282842712474619,28.284271247461902,110,102,,0.9607843137254902
ibk1,random_search,lu,cw,finding,overlap,5000,12,0.01,0.282842712474619,28.284271247461902,110,102,,0.9386792452830188
ibk1,random_search,lu,cw,finding,overlap_jaccard,5000,12,0.01,0.282842712474619,28.284271247461902,110,102,,0.8844444444444444
ibk1,random_search,ls,cw,check,coverage_a_in_b,5000,12,0.01,0.282842712474619,28.284271247461902,143,102,,0.8181818181818182
ibk1,random_search,ls,cw,check,coverage_b_in_a,5000,12,0.01,0.282842712474619,28.284271247461902,143,102,,1.0
ibk1,random_search,ls,cw,check,overlap,5000,12,0.01,0.282842712474619,28.284271247461902,143,102,,0.8938775510204081
ibk1,random_search,ls,cw,check,overlap_jaccard,5000,12,0.01,0.282842712474619,28.284271247461902,143,102,,0.8081180811808119
ibk1,random_search,lu,ls,check,coverage_a_in_b,5000,12,0.02,0.565685424949238,28.284271247461902,110,143,,1.0
ibk1,random_search,lu,ls,check,coverage_b_in_a,5000,12,0.02,0.565685424949238,28.284271247461902,110,143,,0.993006993006993
ibk1,random_search,lu,ls,check,overlap,5000,12,0.02,0.565685424949238,28.284271247461902,110,143,,0.9960474308300395
ibk1,random_search,lu,ls,check,overlap_jaccard,5000,12,0.02,0.565685424949238,28.284271247461902,110,143,,0.9921259842519685
ibk1,random_search,lu,cw,finding,coverage_a_in_b,5000,12,0.02,0.565685424949238,28.284271247461902,110,102,,1.0
ibk1,random_search,lu,cw,finding,coverage_b_in_a,5000,12,0.02,0.565685424949238,28.284271247461902,110,102,,1.0
ibk1,random_search,lu,cw,finding,overlap,5000,12,0.02,0.565685424949238,28.284271247461902,110,102,,1.0
ibk1,random_search,lu,cw,finding,overlap_jaccard,5000,12,0.02,0.565685424949238,28.284271247461902,110,102,,1.0
ibk1,random_search,ls,cw,check,coverage_a_in_b,5000,12,0.02,0.565685424949238,28.284271247461902,143,102,,0.993006993006993
ibk1,random_search,ls,cw,check,coverage_b_in_a,5000,12,0.02,0.565685424949238,28.284271247461902,143,102,,1.0
ibk1,random_search,ls,cw,check,overlap,5000,12,0.02,0.565685424949238,28.284271247461902,143,102,,0.9959183673469387
ibk1,random_search,ls,cw,check,overlap_jaccard,5000,12,0.02,0.565685424949238,28.284271247461902,143,102,,0.991869918699187
ibk1,random_search,lu,ls,check,coverage_a_in_b,5000,12,0.05,1.4142135623730951,28.284271247461902,110,143,,1.0
ibk1,random_search,lu,ls,check,coverage_b_in_a,5000,12,0.05,1.4142135623730951,28.284271247461902,110,143,,1.0
ibk1,random_search,lu,ls,check,overlap,5000,12,0.05,1.4142135623730951,28.284271247461902,110,143,,1.0
ibk1,random_search,lu,ls,check,overlap_jaccard,5000,12,0.05,1.4142135623730951,28.284271247461902,110,143,,1.0
ibk1,random_search,lu,cw,finding,coverage_a_in_b,5000,12,0.05,1.4142135623730951,28.284271247461902,110,102,,1.0
ibk1,random_search,lu,cw,finding,coverage_b_in_a,5000,12,0.05,1.4142135623730951,28.284271247461902,110,102,,1.0
ibk1,random_search,lu,cw,finding,overlap,5000,12,0.05,1.4142135623730951,28.284271247461902,110,102,,1.0
ibk1,random_search,lu,cw,finding,overlap_jaccard,5000,12,0.05,1.4142135623730951,28.284271247461902,110,102,,1.0
ibk1,random_search,ls,cw,check,coverage_a_in_b,5000,12,0.05,1.4142135623730951,28.284271247461902,143,102,,1.0
ibk1,random_search,ls,cw,check,coverage_b_in_a,5000,12,0.05,1.4142135623730951,28.284271247461902,143,102,,1.0
ibk1,random_search,ls,cw,check,overlap,5000,12,0.05,1.4142135623730951,28.284271247461902,143,102,,1.0
ibk1,random_search,ls,cw,check,overlap_jaccard,5000,12,0.05,1.4142135623730951,28.284271247461902,143,102,,1.0
ibk1,random_search,lu,ls,check,coverage_a_in_b,5000,12,0.1,2.8284271247461903,28.284271247461902,110,143,,1.0
ibk1,random_search,lu,ls,check,coverage_b_in_a,5000,12,0.1,2.8284271247461903,28.284271247461902,110,143,,1.0
ibk1,random_search,lu,ls,check,overlap,5000,12,0.1,2.8284271247461903,28.284271247461902,110,143,,1.0
ibk1,random_search,lu,ls,check,overlap_jaccard,5000,12,0.1,2.8284271247461903,28.284271247461902,110,143,,1.0
ibk1,random_search,lu,cw,finding,coverage_a_in_b,5000,12,0.1,2.8284271247461903,28.284271247461902,110,102,,1.0
ibk1,random_search,lu,cw,finding,coverage_b_in_a,5000,12,0.1,2.8284271247461903,28.284271247461902,110,102,,1.0
ibk1,random_search,lu,cw,finding,overlap,5000,12,0.1,2.8284271247461903,28.284271247461902,110,102,,1.0
ibk1,random_search,lu,cw,finding,overlap_jaccard,5000,12,0.1,2.8284271247461903,28.284271247461902,110,102,,1.0
ibk1,random_search,ls,cw,check,coverage_a_in_b,5000,12,0.1,2.8284271247461903,28.284271247461902,143,102,,1.0
ibk1,random_search,ls,cw,check,coverage_b_in_a,5000,12,0.1,2.8284271247461903,28.284271247461902,143,102,,1.0
ibk1,random_search,ls,cw,check,overlap,5000,12,0.1,2.8284271247461903,28.284271247461902,143,102,,1.0
ibk1,random_search,ls,cw,check,overlap_jaccard,5000,12,0.1,2.8284271247461903,28.284271247461902,143,102,,1.0
ibk1,random_search,lu,ls,check,coverage_a_in_b,5000,12,0.2,5.656854249492381,28.284271247461902,110,143,,1.0
ibk1,random_search,lu,ls,check,coverage_b_in_a,5000,12,0.2,5.656854249492381,28.284271247461902,110,143,,1.0
ibk1,random_search,lu,ls,check,overlap,5000,12,0.2,5.656854249492381,28.284271247461902,110,143,,1.0
ibk1,random_search,lu,ls,check,overlap_jaccard,5000,12,0.2,5.656854249492381,28.284271247461902,110,143,,1.0
ibk1,random_search,lu,cw,finding,coverage_a_in_b,5000,12,0.2,5.656854249492381,28.284271247461902,110,102,,1.0
ibk1,random_search,lu,cw,finding,coverage_b_in_a,5000,12,0.2,5.656854249492381,28.284271247461902,110,102,,1.0
ibk1,random_search,lu,cw,finding,overlap,5000,12,0.2,5.656854249492381,28.284271247461902,110,102,,1.0
ibk1,random_search,lu,cw,finding,overlap_jaccard,5000,12,0.2,5.656854249492381,28.284271247461902,110,102,,1.0
ibk1,random_search,ls,cw,check,coverage_a_in_b,5000,12,0.2,5.656854249492381,28.284271247461902,143,102,,1.0
ibk1,random_search,ls,cw,check,coverage_b_in_a,5000,12,0.2,5.656854249492381,28.284271247461902,143,102,,1.0
ibk1,random_search,ls,cw,check,overlap,5000,12,0.2,5.656854249492381,28.284271247461902,143,102,,1.0
ibk1,random_search,ls,cw,check,overlap_jaccard,5000,12,0.2,5.656854249492381,28.284271247461902,143,102,,1.0
ibk1,random_search,lu,ls,check,coverage_a_in_b,5000,13,0.0,0.0,28.284271247461902,132,160,,1.0
ibk1,random_search,lu,ls,check,coverage_b_in_a,5000,13,0.0,0.0,28.284271247461902,132,160,,0.825
ibk1,random_search,lu,ls,check,overlap,5000,13,0.0,0.0,28.284271247461902,132,160,,0.9041095890410958
ibk1,random_search,lu,ls,check,overlap_jaccard,5000,13,0.0,0.0,28.284271247461902,132,160,,0.825
ibk1,random_search,lu,cw,finding,coverage_a_in_b,5000,13,0.0,0.0,28.284271247461902,132,122,,0.8409090909090909
ibk1,random_search,lu,cw,finding,coverage_b_in_a,5000,13,0.0,0.0,28.284271247461902,132,122,,0.9098360655737705
ibk1,random_search,lu,cw,finding,overlap,5000,13,0.0,0.0,28.284271247461902,132,122,,0.8740157480314961
ibk1,random_search,lu,cw,finding,overlap_jaccard,5000,13,0.0,0.0,28.284271247461902,132,122,,0.7762237762237763
ibk1,random_search,ls,cw,check,coverage_a_in_b,5000,13,0.0,0.0,28.284271247461902,160,122,,0.7625
ibk1,random_search,ls,cw,check,coverage_b_in_a,5000,13,0.0,0.0,28.284271247461902,160,122,,1.0
ibk1,random_search,ls,cw,check,overlap,5000,13,0.0,0.0,28.284271247461902,160,122,,0.8652482269503546
ibk1,random_search,ls,cw,check,overlap_jaccard,5000,13,0.0,0.0,28.284271247461902,160,122,,0.7625000000000001
ibk1,random_search,lu,ls,check,coverage_a_in_b,5000,13,0.01,0.282842712474619,28.284271247461902,132,160,,1.0
ibk1,random_search,lu,ls,check,coverage_b_in_a,5000,13,0.01,0.282842712474619,28.284271247461902,132,160,,0.95
ibk1,random_search,lu,ls,check,overlap,5000,13,0.01,0.282842712474619,28.284271247461902,132,160,,0.9726027397260274
ibk1,random_search,lu,ls,check,overlap_jaccard,5000,13,0.01,0.282842712474619,28.284271247461902,132,160,,0.9466666666666665
ibk1,random_search,lu,cw,finding,coverage_a_in_b,5000,13,0.01,0.282842712474619,28.284271247461902,132,122,,0.946969696969697
ibk1,random_search,lu,cw,finding,coverage_b_in_a,5000,13,0.01,0.282842712474619,28.284271247461902,132,122,,0.9918032786885246
ibk1,random_search,lu,cw,finding,overlap,5000,13,0.01,0.282842712474619,28.284271247461902,132,122,,0.968503937007874
ibk1,random_search,lu,cw,finding,overlap_jaccard,5000,13,0.01,0.282842712474619,28.284271247461902,132,122,,0.9389312977099237
ibk1,random_search,ls,cw,check,coverage_a_in_b,5000,13,0.01,0.282842712474619,28.284271247461902,160,122,,0.8625
ibk1,random_search,ls,cw,check,coverage_b_in_a,5000,13,0.01,0.282842712474619,28.284271247461902,160,122,,1.0
ibk1,random_search,ls,cw,check,overlap,5000,13,0.01,0.282842712474619,28.284271247461902,160,122,,0.9219858156028369
ibk1,random_search,ls,cw,check,overlap_jaccard,5000,13,0.01,0.282842712474619,28.284271247461902,160,122,,0.8552631578947368
ibk1,random_search,lu,ls,check,coverage_a_in_b,5000,13,0.02,0.565685424949238,28.284271247461902,132,160,,1.0
ibk1,random_search,lu,ls,check,coverage_b_in_a,5000,13,0.02,0.565685424949238,28.284271247461902,132,160,,0.9875
ibk1,random_search,lu,ls,check,overlap,5000,13,0.02,0.565685424949238,28.284271247461902,132,160,,0.9931506849315068
ibk1,random_search,lu,ls,check,overlap_jaccard,5000,13,0.02,0.565685424949238,28.284271247461902,132,160,,0.9863945578231292
ibk1,random_search,lu,cw,finding,coverage_a_in_b,5000,13,0.02,0.565685424949238,28.284271247461902,132,122,,0.9848484848484849
ibk1,random_search,lu,cw,finding,coverage_b_in_a,5000,13,0.02,0.565685424949238,28.284271247461902,132,122,,0.9918032786885246
ibk1,random_search,lu,cw,finding,overlap,5000,13,0.02,0.565685424949238,28.284271247461902,132,122,,0.9881889763779528
ibk1,random_search,lu,cw,finding,overlap_jaccard,5000,13,0.02,0.565685424949238,28.284271247461902,132,122,,0.9766536964980546
ibk1,random_search,ls,cw,check,coverage_a_in_b,5000,13,0.02,0.565685424949238,28.284271247461902,160,122,,0.94375
ibk1,random_search,ls,cw,check,coverage_b_in_a,5000,13,0.02,0.565685424949238,28.284271247461902,160,122,,1.0
ibk1,random_search,ls,cw,check,overlap,5000,13,0.02,0.565685424949238,28.284271247461902,160,122,,0.9680851063829787
ibk1,random_search,ls,cw,check,overlap_jaccard,5000,13,0.02,0.565685424949238,28.284271247461902,160,122,,0.9381443298969072
ibk1,random_search,lu,ls,check,coverage_a_in_b,5000,13,0.05,1.4142135623730951,28.284271247461902,132,160,,1.0
ibk1,random_search,lu,ls,check,coverage_b_in_a,5000,13,0.05,1.4142135623730951,28.284271247461902,132,160,,1.0
ibk1,random_search,lu,ls,check,overlap,5000,13,0.05,1.4142135623730951,28.284271247461902,132,160,,1.0
ibk1,random_search,lu,ls,check,overlap_jaccard,5000,13,0.05,1.4142135623730951,28.284271247461902,132,160,,1.0
ibk1,random_search,lu,cw,finding,coverage_a_in_b,5000,13,0.05,1.4142135623730951,28.284271247461902,132,122,,1.0
ibk1,random_search,lu,cw,finding,coverage_b_in_a,5000,13,0.05,1.4142135623730951,28.284271247461902,132,122,,1.0
ibk1,random_search,lu,cw,finding,overlap,5000,13,0.05,1.4142135623730951,28.284271247461902,132,122,,1.0
ibk1,random_search,lu,cw,finding,overlap_jaccard,5000,13,0.05,1.4142135623730951,28.284271247461902,132,122,,1.0
ibk1,random_search,ls,cw,check,coverage_a_in_b,5000,13,0.05,1.4142135623730951,28.284271247461902,160,122,,1.0
ibk1,random_search,ls,cw,check,coverage_b_in_a,5000,13,0.05,1.4142135623730951,28.284271247461902,160,122,,1.0
ibk1,random_search,ls,cw,check,overlap,5000,13,0.05,1.4142135623730951,28.284271247461902,160,122,,1.0
ibk1,random_search,ls,cw,check,overlap_jaccard,5000,13,0.05,1.4142135623730951,28.284271247461902,160,122,,1.0
ibk1,random_search,lu,ls,check,coverage_a_in_b,5000,13,0.1,2.8284271247461903,28.284271247461902,132,160,,1.0
ibk1,random_search,lu,ls,check,coverage_b_in_a,5000,13,0.1,2.8284271247461903,28.284271247461902,132,160,,1.0
ibk1,random_search,lu,ls,check,overlap,5000,13,0.1,2.8284271247461903,28.284271247461902,132,160,,1.0
ibk1,random_search,lu,ls,check,overlap_jaccard,5000,13,0.1,2.8284271247461903,28.284271247461902,132,160,,1.0
ibk1,random_search,lu,cw,finding,coverage_a_in_b,5000,13,0.1,2.8284271247461903,28.284271247461902,132,122,,1.0
ibk1,random_search,lu,cw,finding,coverage_b_in_a,5000,13,0.1,2.8284271247461903,28.284271247461902,132,122,,1.0
ibk1,random_search,lu,cw,finding,overlap,5000,13,0.1,2.8284271247461903,28.284271247461902,132,122,,1.0
ibk1,random_search,lu,cw,finding,overlap_jaccard,5000,13,0.1,2.8284271247461903,28.284271247461902,132,122,,1.0
ibk1,random_search,ls,cw,check,coverage_a_in_b,5000,13,0.1,2.8284271247461903,28.284271247461902,160,122,,1.0
ibk1,random_search,ls,cw,check,coverage_b_in_a,5000,13,0.1,2.8284271247461903,28.284271247461902,160,122,,1.0
ibk1,random_search,ls,cw,check,overlap,5000,13,0.1,2.8284271247461903,28.284271247461902,160,122,,1.0
ibk1,random_search,ls,cw,check,overlap_jaccard,5000,13,0.1,2.8284271247461903,28.284271247461902,160,122,,1.0
ibk1,random_search,lu,ls,check,coverage_a_in_b,5000,13,0.2,5.656854249492381,28.284271247461902,132,160,,1.0
ibk1,random_search,lu,ls,check,coverage_b_in_a,5000,13,0.2,5.656854249492381,28.284271247461902,132,160,,1.0
ibk1,random_search,lu,ls,check,overlap,5000,13,0.2,5.656854249492381,28.284271247461902,132,160,,1.0
ibk1,random_search,lu,ls,check,overlap_jaccard,5000,13,0.2,5.656854249492381,28.284271247461902,132,160,,1.0
ibk1,random_search,lu,cw,finding,coverage_a_in_b,5000,13,0.2,5.656854249492381,28.284271247461902,132,122,,1.0
ibk1,random_search,lu,cw,finding,coverage_b_in_a,5000,13,0.2,5.656854249492381,28.284271247461902,132,122,,1.0
ibk1,random_search,lu,cw,finding,overlap,5000,13,0.2,5.656854249492381,28.284271247461902,132,122,,1.0
ibk1,random_search,lu,cw,finding,overlap_jaccard,5000,13,0.2,5.656854249492381,28.284271247461902,132,122,,1.0
ibk1,random_search,ls,cw,check,coverage_a_in_b,5000,13,0.2,5.656854249492381,28.284271247461902,160,122,,1.0
ibk1,random_search,ls,cw,check,coverage_b_in_a,5000,13,0.2,5.656854249492381,28.284271247461902,160,122,,1.0
ibk1,random_search,ls,cw,check,overlap,5000,13,0.2,5.656854249492381,28.284271247461902,160,122,,1.0
ibk1,random_search,ls,cw,check,overlap_jaccard,5000,13,0.2,5.656854249492381,28.284271247461902,160,122,,1.0
ibk1,random_search,lu,ls,check,coverage_a_in_b,5000,14,0.0,0.0,28.284271247461902,119,140,,1.0
ibk1,random_search,lu,ls,check,coverage_b_in_a,5000,14,0.0,0.0,28.284271247461902,119,140,,0.85
ibk1,random_search,lu,ls,check,overlap,5000,14,0.0,0.0,28.284271247461902,119,140,,0.918918918918919
ibk1,random_search,lu,ls,check,overlap_jaccard,5000,14,0.0,0.0,28.284271247461902,119,140,,0.85
ibk1,random_search,lu,cw,finding,coverage_a_in_b,5000,14,0.0,0.0,28.284271247461902,119,105,,0.8151260504201681
ibk1,random_search,lu,cw,finding,coverage_b_in_a,5000,14,0.0,0.0,28.284271247461902,119,105,,0.9238095238095239
ibk1,random_search,lu,cw,finding,overlap,5000,14,0.0,0.0,28.284271247461902,119,105,,0.8660714285714286
ibk1,random_search,lu,cw,finding,overlap_jaccard,5000,14,0.0,0.0,28.284271247461902,119,105,,0.7637795275590552
ibk1,random_search,ls,cw,check,coverage_a_in_b,5000,14,0.0,0.0,28.284271247461902,140,105,,0.75
ibk1,random_search,ls,cw,check,coverage_b_in_a,5000,14,0.0,0.0,28.284271247461902,140,105,,1.0
ibk1,random_search,ls,cw,check,overlap,5000,14,0.0,0.0,28.284271247461902,140,105,,0.8571428571428571
ibk1,random_search,ls,cw,check,overlap_jaccard,5000,14,0.0,0.0,28.284271247461902,140,105,,0.75
ibk1,random_search,lu,ls,check,coverage_a_in_b,5000,14,0.01,0.282842712474619,28.284271247461902,119,140,,1.0
ibk1,random_search,lu,ls,check,coverage_b_in_a,5000,14,0.01,0.282842712474619,28.284271247461902,119,140,,0.9142857142857143
ibk1,random_search,lu,ls,check,overlap,5000,14,0.01,0.282842712474619,28.284271247461902,119,140,,0.9536679536679536
ibk1,random_search,lu,ls,check,overlap_jaccard,5000,14,0.01,0.282842712474619,28.284271247461902,119,140,,0.911439114391144
ibk1,random_search,lu,cw,finding,coverage_a_in_b,5000,14,0.01,0.282842712474619,28.284271247461902,119,105,,0.9243697478991597
ibk1,random_search,lu,cw,finding,coverage_b_in_a,5000,14,0.01,0.282842712474619,28.284271247461902,119,105,,0.9809523809523809
ibk1,random_search,lu,cw,finding,overlap,5000,14,0.01,0.282842712474619,28.284271247461902,119,105,,0.9508928571428571
ibk1,random_search,lu,cw,finding,overlap_jaccard,5000,14,0.01,0.282842712474619,28.284271247461902,119,105,,0.9063829787234042
ibk1,random_search,ls,cw,check,coverage_a_in_b,5000,14,0.01,0.282842712474619,28.284271247461902,140,105,,0.8928571428571429
ibk1,random_search,ls,cw,check,coverage_b_in_a,5000,14,0.01,0.282842712474619,28.284271247461902,140,105,,1.0
ibk1,random_search,ls,cw,check,overlap,5000,14,0.01,0.282842712474619,28.284271247461902,140,105,,0.9387755102040817
ibk1,random_search,ls,cw,check,overlap_jaccard,5000,14,0.01,0.282842712474619,28.284271247461902,140,105,,0.8846153846153848
ibk1,random_search,lu,ls,check,coverage_a_in_b,5000,14,0.02,0.565685424949238,28.284271247461902,119,140,,1.0
ibk1,random_search,lu,ls,check,coverage_b_in_a,5000,14,0.02,0.565685424949238,28.284271247461902,119,140,,0.9928571428571429
ibk1,random_search,lu,ls,check,overlap,5000,14,0.02,0.565685424949238,28.284271247461902,119,140,,0.9961389961389961
ibk1,random_search,lu,ls,check,overlap_jaccard,5000,14,0.02,0.565685424949238,28.284271247461902,119,140,,0.9923076923076923
ibk1,random_search,lu,cw,finding,coverage_a_in_b,5000,14,0.02,0.565685424949238,28.284271247461902,119,105,,1.0
ibk1,random_search,lu,cw,finding,coverage_b_in_a,5000,14,0.02,0.565685424949238,28.284271247461902,119,105,,1.0
ibk1,random_search,lu,cw,finding,overlap,5000,14,0.02,0.565685424949238,28.284271247461902,119,105,,1.0
ibk1,random_search,lu,cw,finding,overlap_jaccard,5000,14,0.02,0.565685424949238,28.284271247461902,119,105,,1.0
ibk1,random_search,ls,cw,check,coverage_a_in_b,5000,14,0.02,0.565685424949238,28.284271247461902,140,105,,0.9928571428571429
ibk1,random_search,ls,cw,check,coverage_b_in_a,5000,14,0.02,0.565685424949238,28.284271247461902,140,105,,1.0
ibk1,random_search,ls,cw,check,overlap,5000,14,0.02,0.565685424949238,28.284271247461902,140,105,,0.9959183673469387
ibk1,random_search,ls,cw,check,overlap_jaccard,5000,14,0.02,0.565685424949238,28.284271247461902,140,105,,0.991869918699187
ibk1,random_search,lu,ls,check,coverage_a_in_b,5000,14,0.05,1.4142135623730951,28.284271247461902,119,140,,1.0
ibk1,random_search,lu,ls,check,coverage_b_in_a,5000,14,0.05,1.4142135623730951,28.284271247461902,119,140,,1.0
ibk1,random_search,lu,ls,check,overlap,5000,14,0.05,1.4142135623730951,28.284271247461902,119,140,,1.0
ibk1,random_search,lu,ls,check,overlap_jaccard,5000,14,0.05,1.4142135623730951,28.284271247461902,119,140,,1.0
ibk1,random_search,lu,cw,finding,coverage_a_in_b,5000,14,0.05,1.4142135623730951,28.284271247461902,119,105,,1.0
ibk1,random_search,lu,cw,finding,coverage_b_in_a,5000,14,0.05,1.4142135623730951,28.284271247461902,119,105,,1.0
ibk1,random_search,lu,cw,finding,overlap,5000,14,0.05,1.4142135623730951,28.284271247461902,119,105,,1.0
ibk1,random_search,lu,cw,finding,overlap_jaccard,5000,14,0.05,1.4142135623730951,28.284271247461902,119,105,,1.0
ibk1,random_search,ls,cw,check,coverage_a_in_b,5000,14,0.05,1.4142135623730951,28.284271247461902,140,105,,1.0
ibk1,random_search,ls,cw,check,coverage_b_in_a,5000,14,0.05,1.4142135623730951,28.284271247461902,140,105,,1.0
ibk1,random_search,ls,cw,check,overlap,5000,14,0.05,1.4142135623730951,28.284271247461902,140,105,,1.0
ibk1,random_search,ls,cw,check,overlap_jaccard,5000,14,0.05,1.4142135623730951,28.284271247461902,140,105,,1.0
ibk1,random_search,lu,ls,check,coverage_a_in_b,5000,14,0.1,2.8284271247461903,28.284271247461902,119,140,,1.0
ibk1,random_search,lu,ls,check,coverage_b_in_a,5000,14,0.1,2.8284271247461903,28.284271247461902,119,140,,1.0
ibk1,random_search,lu,ls,check,overlap,5000,14,0.1,2.8284271247461903,28.284271247461902,119,140,,1.0
ibk1,random_search,lu,ls,check,overlap_jaccard,5000,14,0.1,2.8284271247461903,28.284271247461902,119,140,,1.0
ibk1,random_search,lu,cw,finding,coverage_a_in_b,5000,14,0.1,2.8284271247461903,28.284271247461902,119,105,,1.0
ibk1,random_search,lu,cw,finding,coverage_b_in_a,5000,14,0.1,2.8284271247461903,28.284271247461902,119,105,,1.0
ibk1,random_search,lu,cw,finding,overlap,5000,14,0.1,2.8284271247461903,28.284271247461902,119,105,,1.0
ibk1,random_search,lu,cw,finding,overlap_jaccard,5000,14,0.1,2.8284271247461903,28.284271247461902,119,105,,1.0
ibk1,random_search,ls,cw,check,coverage_a_in_b,5000,14,0.1,2.8284271247461903,28.284271247461902,140,105,,1.0
ibk1,random_search,ls,cw,check,coverage_b_in_a,5000,14,0.1,2.8284271247461903,28.284271247461902,140,105,,1.0
ibk1,random_search,ls,cw,check,overlap,5000,14,0.1,2.8284271247461903,28.284271247461902,140,105,,1.0
ibk1,random_search,ls,cw,check,overlap_jaccard,5000,14,0.1,2.8284271247461903,28.284271247461902,140,105,,1.0
ibk1,random_search,lu,ls,check,coverage_a_in_b,5000,14,0.2,5.656854249492381,28.284271247461902,119,140,,1.0
ibk1,random_search,lu,ls,check,coverage_b_in_a,5000,14,0.2,5.656854249492381,28.284271247461902,119,140,,1.0
ibk1,random_search,lu,ls,check,overlap,5000,14,0.2,5.656854249492381,28.284271247461902,119,140,,1.0
ibk1,random_search,lu,ls,check,overlap_jaccard,5000,14,0.2,5.656854249492381,28.284271247461902,119,140,,1.0
ibk1,random_search,lu,cw,finding,coverage_a_in_b,5000,14,0.2,5.656854249492381,28.284271247461902,119,105,,1.0
ibk1,random_search,lu,cw,finding,coverage_b_in_a,5000,14,0.2,5.656854249492381,28.284271247461902,119,105,,1.0
ibk1,random_search,lu,cw,finding,overlap,5000,14,0.2,5.656854249492381,28.284271247461902,119,105,,1.0
ibk1,random_search,lu,cw,finding,overlap_jaccard,5000,14,0.2,5.656854249492381,28.284271247461902,119,105,,1.0
ibk1,random_search,ls,cw,check,coverage_a_in_b,5000,14,0.2,5.656854249492381,28.284271247461902,140,105,,1.0
ibk1,random_search,ls,cw,check,coverage_b_in_a,5000,14,0.2,5.656854249492381,28.284271247461902,140,105,,1.0
ibk1,random_search,ls,cw,check,overlap,5000,14,0.2,5.656854249492381,28.284271247461902,140,105,,1.0
ibk1,random_search,ls,cw,check,overlap_jaccard,5000,14,0.2,5.656854249492381,28.284271247461902,140,105,,1.0
ibk1,random_search,lu,ls,check,coverage_a_in_b,5000,15,0.0,0.0,28.284271247461902,151,179,,1.0
ibk1,random_search,lu,ls,check,coverage_b_in_a,5000,15,0.0,0.0,28.284271247461902,151,179,,0.8435754189944135
ibk1,random_search,lu,ls,check,overlap,5000,15,0.0,0.0,28.284271247461902,151,179,,0.9151515151515152
ibk1,random_search,lu,ls,check,overlap_jaccard,5000,15,0.0,0.0,28.284271247461902,151,179,,0.8435754189944134
ibk1,random_search,lu,cw,finding,coverage_a_in_b,5000,15,0.0,0.0,28.284271247461902,151,137,,0.8145695364238411
ibk1,random_search,lu,cw,finding,coverage_b_in_a,5000,15,0.0,0.0,28.284271247461902,151,137,,0.8978102189781022
ibk1,random_search,lu,cw,finding,overlap,5000,15,0.0,0.0,28.284271247461902,151,137,,0.8541666666666666
ibk1,random_search,lu,cw,finding,overlap_jaccard,5000,15,0.0,0.0,28.284271247461902,151,137,,0.7454545454545454
ibk1,random_search,ls,cw,check,coverage_a_in_b,5000,15,0.0,0.0,28.284271247461902,179,137,,0.7653631284916201
ibk1,random_search,ls,cw,check,coverage_b_in_a,5000,15,0.0,0.0,28.284271247461902,179,137,,1.0
ibk1,random_search,ls,cw,check,overlap,5000,15,0.0,0.0,28.284271247461902,179,137,,0.8670886075949367
ibk1,random_search,ls,cw,check,overlap_jaccard,5000,15,0.0,0.0,28.284271247461902,179,137,,0.76536312849162
ibk1,random_search,lu,ls,check,coverage_a_in_b,5000,15,0.01,0.282842712474619,28.284271247461902,151,179,,1.0
ibk1,random_search,lu,ls,check,coverage_b_in_a,5000,15,0.01,0.282842712474619,28.284271247461902,151,179,,0.9441340782122905
ibk1,random_search,lu,ls,check,overlap,5000,15,0.01,0.282842712474619,28.284271247461902,151,179,,0.9696969696969697
ibk1,random_search,lu,ls,check,overlap_jaccard,5000,15,0.01,0.282842712474619,28.284271247461902,151,179,,0.9411764705882354
ibk1,random_search,lu,cw,finding,coverage_a_in_b,5000,15,0.01,0.282842712474619,28.284271247461902,151,137,,0.9602649006622517
ibk1,random_search,lu,cw,finding,coverage_b_in_a,5000,15,0.01,0.282842712474619,28.284271247461902,151,137,,0.9781021897810219
ibk1,random_search,lu,cw,finding,overlap,5000,15,0.01,0.282842712474619,28.284271247461902,151,137,,0.96875
ibk1,random_search,lu,cw,finding,overlap_jaccard,5000,15,0.01,0.282842712474619,28.284271247461902,151,137,,0.9393939393939394
ibk1,random_search,ls,cw,check,coverage_a_in_b,5000,15,0.01,0.282842712474619,28.284271247461902,179,137,,0.9329608938547486
ibk1,random_search,ls,cw,check,coverage_b_in_a,5000,15,0.01,0.282842712474619,28.284271247461902,179,137,,1.0
ibk1,random_search,ls,cw,check,overlap,5000,15,0.01,0.282842712474619,28.284271247461902,179,137,,0.9620253164556962
ibk1,random_search,ls,cw,check,overlap_jaccard,5000,15,0.01,0.282842712474619,28.284271247461902,179,137,,0.926829268292683
ibk1,random_search,lu,ls,check,coverage_a_in_b,5000,15,0.02,0.565685424949238,28.284271247461902,151,179,,1.0
ibk1,random_search,lu,ls,check,coverage_b_in_a,5000,15,0.02,0.565685424949238,28.284271247461902,151,179,,1.0
ibk1,random_search,lu,ls,check,overlap,5000,15,0.02,0.565685424949238,28.284271247461902,151,179,,1.0
ibk1,random_search,lu,ls,check,overlap_jaccard,5000,15,0.02,0.565685424949238,28.284271247461902,151,179,,1.0
ibk1,random_search,lu,cw,finding,coverage_a_in_b,5000,15,0.02,0.565685424949238,28.284271247461902,151,137,,1.0
ibk1,random_search,lu,cw,finding,coverage_b_in_a,5000,15,0.02,0.565685424949238,28.284271247461902,151,137,,1.0
ibk1,random_search,lu,cw,finding,overlap,5000,15,0.02,0.565685424949238,28.284271247461902,151,137,,1.0
ibk1,random_search,lu,cw,finding,overlap_jaccard,5000,15,0.02,0.565685424949238,28.284271247461902,151,137,,1.0
ibk1,random_search,ls,cw,check,coverage_a_in_b,5000,15,0.02,0.565685424949238,28.284271247461902,179,137,,1.0
ibk1,random_search,ls,cw,check,coverage_b_in_a,5000,15,0.02,0.565685424949238,28.284271247461902,179,137,,1.0
ibk1,random_search,ls,cw,check,overlap,5000,15,0.02,0.565685424949238,28.284271247461902,179,137,,1.0
ibk1,random_search,ls,cw,check,overlap_jaccard,5000,15,0.02,0.565685424949238,28.284271247461902,179,137,,1.0
ibk1,random_search,lu,ls,check,coverage_a_in_b,5000,15,0.05,1.4142135623730951,28.284271247461902,151,179,,1.0
ibk1,random_search,lu,ls,check,coverage_b_in_a,5000,15,0.05,1.4142135623730951,28.284271247461902,151,179,,1.0
ibk1,random_search,lu,ls,check,overlap,5000,15,0.05,1.4142135623730951,28.284271247461902,151,179,,1.0
ibk1,random_search,lu,ls,check,overlap_jaccard,5000,15,0.05,1.4142135623730951,28.284271247461902,151,179,,1.0
ibk1,random_search,lu,cw,finding,coverage_a_in_b,5000,15,0.05,1.4142135623730951,28.284271247461902,151,137,,1.0
ibk1,random_search,lu,cw,finding,coverage_b_in_a,5000,15,0.05,1.4142135623730951,28.284271247461902,151,137,,1.0
ibk1,random_search,lu,cw,finding,overlap,5000,15,0.05,1.4142135623730951,28.284271247461902,151,137,,1.0
ibk1,random_search,lu,cw,finding,overlap_jaccard,5000,15,0.05,1.4142135623730951,28.284271247461902,151,137,,1.0
ibk1,random_search,ls,cw,check,coverage_a_in_b,5000,15,0.05,1.4142135623730951,28.284271247461902,179,137,,1.0
ibk1,random_search,ls,cw,check,coverage_b_in_a,5000,15,0.05,1.4142135623730951,28.284271247461902,179,137,,1.0
ibk1,random_search,ls,cw,check,overlap,5000,15,0.05,1.4142135623730951,28.284271247461902,179,137,,1.0
ibk1,random_search,ls,cw,check,overlap_jaccard,5000,15,0.05,1.4142135623730951,28.284271247461902,179,137,,1.0
ibk1,random_search,lu,ls,check,coverage_a_in_b,5000,15,0.1,2.8284271247461903,28.284271247461902,151,179,,1.0
ibk1,random_search,lu,ls,check,coverage_b_in_a,5000,15,0.1,2.8284271247461903,28.284271247461902,151,179,,1.0
ibk1,random_search,lu,ls,check,overlap,5000,15,0.1,2.8284271247461903,28.284271247461902,151,179,,1.0
ibk1,random_search,lu,ls,check,overlap_jaccard,5000,15,0.1,2.8284271247461903,28.284271247461902,151,179,,1.0
ibk1,random_search,lu,cw,finding,coverage_a_in_b,5000,15,0.1,2.8284271247461903,28.284271247461902,151,137,,1.0
ibk1,random_search,lu,cw,finding,coverage_b_in_a,5000,15,0.1,2.8284271247461903,28.284271247461902,151,137,,1.0
ibk1,random_search,lu,cw,finding,overlap,5000,15,0.1,2.8284271247461903,28.284271247461902,151,137,,1.0
ibk1,random_search,lu,cw,finding,overlap_jaccard,5000,15,0.1,2.8284271247461903,28.284271247461902,151,137,,1.0
ibk1,random_search,ls,cw,check,coverage_a_in_b,5000,15,0.1,2.8284271247461903,28.284271247461902,179,137,,1.0
ibk1,random_search,ls,cw,check,coverage_b_in_a,5000,15,0.1,2.8284271247461903,28.284271247461902,179,137,,1.0
ibk1,random_search,ls,cw,check,overlap,5000,15,0.1,2.8284271247461903,28.284271247461902,179,137,,1.0
ibk1,random_search,ls,cw,check,overlap_jaccard,5000,15,0.1,2.8284271247461903,28.284271247461902,179,137,,1.0
ibk1,random_search,lu,ls,check,coverage_a_in_b,5000,15,0.2,5.656854249492381,28.284271247461902,151,179,,1.0
ibk1,random_search,lu,ls,check,coverage_b_in_a,5000,15,0.2,5.656854249492381,28.284271247461902,151,179,,1.0
ibk1,random_search,lu,ls,check,overlap,5000,15,0.2,5.656854249492381,28.284271247461902,151,179,,1.0
ibk1,random_search,lu,ls,check,overlap_jaccard,5000,15,0.2,5.656854249492381,28.284271247461902,151,179,,1.0
ibk1,random_search,lu,cw,finding,coverage_a_in_b,5000,15,0.2,5.656854249492381,28.284271247461902,151,137,,1.0
ibk1,random_search,lu,cw,finding,coverage_b_in_a,5000,15,0.2,5.656854249492381,28.284271247461902,151,137,,1.0
ibk1,random_search,lu,cw,finding,overlap,5000,15,0.2,5.656854249492381,28.284271247461902,151,137,,1.0
ibk1,random_search,lu,cw,finding,overlap_jaccard,5000,15,0.2,5.656854249492381,28.284271247461902,151,137,,1.0
ibk1,random_search,ls,cw,check,coverage_a_in_b,5000,15,0.2,5.656854249492381,28.284271247461902,179,137,,1.0
ibk1,random_search,ls,cw,check,coverage_b_in_a,5000,15,0.2,5.656854249492381,28.284271247461902,179,137,,1.0
ibk1,random_search,ls,cw,check,overlap,5000,15,0.2,5.656854249492381,28.284271247461902,179,137,,1.0
ibk1,random_search,ls,cw,check,overlap_jaccard,5000,15,0.2,5.656854249492381,28.284271247461902,179,137,,1.0
