problem,solver,phi,n_evals,seed,cardinality,n_dominating,share_dominating,widest_margin,widest_x_1,widest_x_2
ibk1,random_search,lu,5000,11,121,10,0.08264462809917356,0.21658079503698424,3.311953322160271,2.055163613380797
ibk1,random_search,lu,5000,12,110,10,0.09090909090909091,0.2564834088398651,3.0100588795136893,2.278149480849649
ibk1,random_search,lu,5000,13,132,8,0.06060606060606061,0.2400747579619611,2.7359218492223487,2.46891869993245
ibk1,random_search,lu,5000,14,119,5,0.04201680672268908,0.24284582299283586,3.088906269410913,2.197780786059962
ibk1,random_search,lu,5000,15,151,12,0.07947019867549669,0.2437580741349592,3.0545067606794767,2.285998407448931
ibk1,random_search,lu,20000,11,413,30,0.07263922518159806,0.21832853324045165,2.92368368196186,2.272584517341734
ibk1,random_search,lu,20000,12,380,42,0.11052631578947368,0.2696260926903262,2.7758735611392957,2.4945113762172895
ibk1,random_search,lu,20000,13,370,31,0.08378378378378379,0.26249110838490597,2.9499756543819817,2.334355781705977
ibk1,random_search,lu,20000,14,374,23,0.06149732620320856,0.2545750240872031,3.102695867364215,2.2093626556983192
ibk1,random_search,lu,20000,15,425,39,0.09176470588235294,0.24595577810229585,2.9128446725141863,2.3321553909710886
ibk1,random_search,ls,5000,11,145,10,0.06896551724137931,0.21658079503698424,3.311953322160271,2.055163613380797
ibk1,random_search,ls,5000,12,143,11,0.07692307692307693,0.2564834088398651,3.0100588795136893,2.278149480849649
ibk1,random_search,ls,5000,13,160,12,0.075,0.2400747579619611,2.7359218492223487,2.46891869993245
ibk1,random_search,ls,5000,14,140,6,0.04285714285714286,0.24284582299283586,3.088906269410913,2.197780786059962
ibk1,random_search,ls,5000,15,179,12,0.0670391061452514,0.2437580741349592,3.0545067606794767,2.285998407448931
ibk1,random_search,ls,20000,11,501,40,0.07984031936127745,0.21832853324045165,2.92368368196186,2.272584517341734
ibk1,random_search,ls,20000,12,465,46,0.0989247311827957,0.2696260926903262,2.7758735611392957,2.4945113762172895
ibk1,random_search,ls,20000,13,453,36,0.07947019867549669,0.26249110838490597,2.9499756543819817,2.334355781705977
ibk1,random_search,ls,20000,14,454,27,0.05947136563876652,0.2545750240872031,3.102695867364215,2.2093626556983192
ibk1,random_search,ls,20000,15,525,46,0.08761904761904762,0.24595577810229585,2.9128446725141863,2.3321553909710886
ibk1,random_search,cw,5000,11,106,8,0.07547169811320754,0.10894432279726995,3.368158701029511,2.08138901548827
ibk1,random_search,cw,5000,12,102,9,0.08823529411764706,0.2564834088398651,3.0100588795136893,2.278149480849649
ibk1,random_search,cw,5000,13,122,8,0.06557377049180328,0.2400747579619611,2.7359218492223487,2.46891869993245
ibk1,random_search,cw,5000,14,105,4,0.0380952380952381,0.22684756206834256,2.819720134521667,2.3711078212474455
ibk1,random_search,cw,5000,15,137,10,0.072992700729927,0.2437580741349592,3.0545067606794767,2.285998407448931
ibk1,random_search,cw,20000,11,365,26,0.07123287671232877,0.21832853324045165,2.92368368196186,2.272584517341734
ibk1,random_search,cw,20000,12,340,38,0.11176470588235295,0.2696260926903262,2.7758735611392957,2.4945113762172895
ibk1,random_search,cw,20000,13,330,27,0.08181818181818182,0.26249110838490597,2.9499756543819817,2.334355781705977
ibk1,random_search,cw,20000,14,331,18,0.054380664652567974,0.22684756206834256,2.819720134521667,2.3711078212474455
ibk1,random_search,cw,20000,15,377,38,0.10079575596816977,0.24595577810229585,2.9128446725141863,2.3321553909710886
ibk1,nsga2,lu,5000,11,100,5,0.05,0.22675580227894865,2.724136311351917,2.4532262668419773
ibk1,nsga2,lu,5000,12,100,4,0.04,0.24146166111424705,2.737321958142701,2.5412916914958257
ibk1,nsga2,lu,5000,13,100,5,0.05,0.1970767422136559,2.3583122997092025,2.767537531783399
ibk1,nsga2,lu,5000,14,100,4,0.04,0.2397544256296531,2.628222398499332,2.5688898106578537
ibk1,nsga2,lu,5000,15,100,7,0.07,0.2634970770083154,3.052339013265714,2.2735033411095613
ibk1,nsga2,lu,20000,11,100,8,0.08,0.25905217212716125,3.109452071724845,2.212801261190206
ibk1,nsga2,lu,20000,12,100,4,0.04,0.26372332460944836,2.737856093146884,2.5262636956806706
ibk1,nsga2,lu,20000,13,100,7,0.07,0.19163936625485833,2.922373400979305,2.2250686400393405
ibk1,nsga2,lu,20000,14,100,8,0.08,0.2083492941317031,2.4055099191860485,2.7759995867001392
ibk1,nsga2,lu,20000,15,100,6,0.06,0.21413639555404052,2.6719119155123896,2.4757551792018266
ibk1,nsga2,ls,5000,11,100,7,0.07,0.2426513378554367,2.5687736279578743,2.6344567327287134
ibk1,nsga2,ls,5000,12,100,9,0.09,0.24008296485980973,2.6689883591260246,2.5304403061452594
ibk1,nsga2,ls,5000,13,100,6,0.06,0.18648288362575682,2.8355230830573985,2.505311614326633
ibk1,nsga2,ls,5000,14,100,6,0.06,0.18425975515056248,2.709377440549635,2.5981352426805264
ibk1,nsga2,ls,5000,15,100,4,0.04,0.23692103226861327,2.9873966973189354,2.2589440678178168
ibk1,nsga2,ls,20000,11,100,4,0.04,0.19150962708332742,3.1337266768939958,2.0785110623811023
ibk1,nsga2,ls,20000,12,100,4,0.04,0.24699813854276664,2.5468222419648487,2.6665245872188925
ibk1,nsga2,ls,20000,13,100,8,0.08,0.2231031173693483,2.6912571119846107,2.4757486053594278
ibk1,nsga2,ls,20000,14,100,4,0.04,0.15485086300973538,3.09525884473094,2.0408409131432403
ibk1,nsga2,ls,20000,15,100,4,0.04,0.19500373001571614,2.317930033563455,2.81147689183278
ibk1,nsga2,cw,5000,11,100,8,0.08,0.18030122246784708,2.558657137328484,2.5160509662627186
ibk1,nsga2,cw,5000,12,100,6,0.06,0.24587715453369507,2.6769138438965725,2.5347070831271084
ibk1,nsga2,cw,5000,13,100,7,0.07,0.2672419054688755,2.7461198898216233,2.5138834713043816
ibk1,nsga2,cw,5000,14,100,6,0.06,0.2190037517264527,2.6753407789355856,2.4822446527401314
ibk1,nsga2,cw,5000,15,100,5,0.05,0.25895678948666156,2.799639638687301,2.4500948281363026
ibk1,nsga2,cw,20000,11,100,10,0.1,0.2511431585573114,2.6923270188573354,2.5309143744027405
ibk1,nsga2,cw,20000,12,100,5,0.05,0.25297475851809303,2.619246119481197,2.60512351566647
ibk1,nsga2,cw,20000,13,100,5,0.05,0.19604826479850712,2.3543934449039052,2.7698759434400286
ibk1,nsga2,cw,20000,14,100,5,0.05,0.20069718713902907,2.799951506514049,2.5224684504765778
ibk1,nsga2,cw,20000,15,100,7,0.07,0.24610311383919892,2.6739040656676667,2.5380055715151184
ibk1,mopso,lu,5000,11,200,17,0.085,0.23162042617491463,2.944620880616345,2.2811063989459752
ibk1,mopso,lu,5000,12,165,10,0.06060606060606061,0.21395733148115292,2.5857026334241118,2.662309803422315
ibk1,mopso,lu,5000,13,200,15,0.075,0.25162593378652875,3.1130958547285146,2.226804815625518
ibk1,mopso,lu,5000,14,200,16,0.08,0.24889143261487834,2.619527966046338,2.5963343474152376
ibk1,mopso,lu,5000,15,200,13,0.065,0.2645781118305168,2.869438803574586,2.402289879532141
ibk1,mopso,lu,20000,11,200,15,0.075,0.23805236244016226,2.541315908716572,2.6531896295464854
ibk1,mopso,lu,20000,12,200,13,0.065,0.2642259746982252,3.0730863995042994,2.247198839501399
ibk1,mopso,lu,20000,13,162,13,0.08024691358024691,0.2327462823661961,2.909838015973237,2.3098457187612187
ibk1,mopso,lu,20000,14,157,13,0.08280254777070063,0.2391850399900317,3.2219304165475786,2.130840865476254
ibk1,mopso,lu,20000,15,200,18,0.09,0.26510271023962173,3.062656103524773,2.256126547306898
ibk1,mopso,ls,5000,11,200,11,0.055,0.2509245783233425,2.870006951297225,2.4352853642354244
ibk1,mopso,ls,5000,12,200,11,0.055,0.24682656173207462,2.5777373916435016,2.6468373745613945
ibk1,mopso,ls,5000,13,200,7,0.035,0.23809540381077388,2.831648524426904,2.382660159575712
ibk1,mopso,ls,5000,14,191,19,0.09947643979057591,0.24607298172284153,2.597024127937858,2.6347151358093597
ibk1,mopso,ls,5000,15,200,12,0.06,0.22718123558652992,2.852732467447877,2.3447034463581633
ibk1,mopso,ls,20000,11,200,14,0.07,0.2443785895298458,3.151473568639955,2.1588146598180478
ibk1,mopso,ls,20000,12,187,11,0.058823529411764705,0.26995675427216526,2.8526384256398734,2.42658967006038
ibk1,mopso,ls,20000,13,200,13,0.065,0.24857522025631518,3.181041245852961,2.1641912255159994
ibk1,mopso,ls,20000,14,136,11,0.08088235294117647,0.21706270244101988,2.97949199867188,2.2287023992073953
ibk1,mopso,ls,20000,15,175,10,0.05714285714285714,0.20830467306431322,2.550170128198754,2.5816416997088383
ibk1,mopso,cw,5000,11,200,14,0.07,0.2681298270971415,2.746947111069167,2.514919637374073
ibk1,mopso,cw,5000,12,137,12,0.08759124087591241,0.24297855397487456,2.7263641629211732,2.4832631165332133
ibk1,mopso,cw,5000,13,162,14,0.08641975308641975,0.2655139233441832,3.04746930721923,2.2676649802216398
ibk1,mopso,cw,5000,14,174,12,0.06896551724137931,0.2617485416733638,2.803119788619549,2.4525695455790464
ibk1,mopso,cw,5000,15,128,9,0.0703125,0.25191201974219046,3.15967517420726,2.16675903987165
ibk1,mopso,cw,20000,11,185,10,0.05405405405405406,0.2657164746401872,2.801004231835444,2.4622011771630716
ibk1,mopso,cw,20000,12,200,13,0.065,0.2592430572004174,2.9381815479739535,2.3373614404353074
ibk1,mopso,cw,20000,13,200,12,0.06,0.2655215769029491,2.8623161254116676,2.431326594501253
ibk1,mopso,cw,20000,14,200,16,0.08,0.2596565302899172,3.045744220339202,2.2581960236437046
ibk1,mopso,cw,20000,15,175,11,0.06285714285714286,0.22014440324476947,2.916271954000132,2.2815807170589237
