problem,phi,solver,metric,eps,n_evals,seed,cardinality,full_cardinality,reference_size,include_singular_segments,value
zdt1_interval,lu,random_search,spread,0.0,5000,11,15,17,0,False,4.534664480047462
zdt1_interval,lu,random_search,hypervolume,0.0,5000,11,15,17,0,False,13.642931503513994
zdt1_interval,lu,random_search,spread,0.0,5000,12,15,18,0,False,5.606567874391717
zdt1_interval,lu,random_search,hypervolume,0.0,5000,12,15,18,0,False,13.198427197417558
zdt1_interval,lu,random_search,spread,0.0,5000,13,15,23,0,False,4.713686518932949
zdt1_interval,lu,random_search,hypervolume,0.0,5000,13,15,23,0,False,12.629889165928802
zdt1_interval,lu,random_search,spread,0.0,5000,14,15,22,0,False,4.557550088346751
zdt1_interval,lu,random_search,hypervolume,0.0,5000,14,15,22,0,False,12.1243090044963
zdt1_interval,lu,random_search,spread,0.0,5000,15,15,15,0,False,5.276441099315847
zdt1_interval,lu,random_search,hypervolume,0.0,5000,15,15,15,0,False,14.41962630624336
zdt1_interval,lu,nsga2,spread,0.0,5000,11,15,57,0,False,1.7513442752234518
zdt1_interval,lu,nsga2,hypervolume,0.0,5000,11,15,57,0,False,36.133871807587994
zdt1_interval,lu,nsga2,spread,0.0,5000,12,15,69,0,False,1.6526417359463
zdt1_interval,lu,nsga2,hypervolume,0.0,5000,12,15,69,0,False,35.51882910352741
zdt1_interval,lu,nsga2,spread,0.0,5000,13,15,70,0,False,2.0057741703672627
zdt1_interval,lu,nsga2,hypervolume,0.0,5000,13,15,70,0,False,36.59412379446943
zdt1_interval,lu,nsga2,spread,0.0,5000,14,15,85,0,False,1.6711154096001304
zdt1_interval,lu,nsga2,hypervolume,0.0,5000,14,15,85,0,False,36.72996251460042
zdt1_interval,lu,nsga2,spread,0.0,5000,15,15,52,0,False,1.8531386909710856
zdt1_interval,lu,nsga2,hypervolume,0.0,5000,15,15,52,0,False,36.43997838643092
zdt1_interval,lu,mopso,spread,0.0,5000,11,15,200,0,False,1.5733384557740504
zdt1_interval,lu,mopso,hypervolume,0.0,5000,11,15,200,0,False,35.84072941066412
zdt1_interval,lu,mopso,spread,0.0,5000,12,15,200,0,False,1.865136906128279
zdt1_interval,lu,mopso,hypervolume,0.0,5000,12,15,200,0,False,39.5385224136956
zdt1_interval,lu,mopso,spread,0.0,5000,13,15,200,0,False,1.6472347988192773
zdt1_interval,lu,mopso,hypervolume,0.0,5000,13,15,200,0,False,35.5721617543708
zdt1_interval,lu,mopso,spread,0.0,5000,14,15,200,0,False,1.4610108660872572
zdt1_interval,lu,mopso,hypervolume,0.0,5000,14,15,200,0,False,39.324110498667714
zdt1_interval,lu,mopso,spread,0.0,5000,15,15,200,0,False,1.410202600982653
zdt1_interval,lu,mopso,hypervolume,0.0,5000,15,15,200,0,False,36.759667685267104
zdt1_interval,ls,random_search,spread,0.0,5000,11,15,17,0,False,3.20649200424733
zdt1_interval,ls,random_search,spread,0.0,5000,12,15,18,0,False,3.9644421631650313
zdt1_interval,ls,random_search,spread,0.0,5000,13,15,23,0,False,3.3330797019250995
zdt1_interval,ls,random_search,spread,0.0,5000,14,15,22,0,False,3.2226745730673367
zdt1_interval,ls,random_search,spread,0.0,5000,15,15,15,0,False,3.7310072818576367
zdt1_interval,ls,nsga2,spread,0.0,5000,11,15,57,0,False,1.238387413202742
zdt1_interval,ls,nsga2,spread,0.0,5000,12,15,69,0,False,1.1685941783595364
zdt1_interval,ls,nsga2,spread,0.0,5000,13,15,70,0,False,1.4182965173955129
zdt1_interval,ls,nsga2,spread,0.0,5000,14,15,85,0,False,1.1816570382735871
zdt1_interval,ls,nsga2,spread,0.0,5000,15,15,52,0,False,1.3103669348648166
zdt1_interval,ls,mopso,spread,0.0,5000,11,15,200,0,False,1.112518291179402
zdt1_interval,ls,mopso,spread,0.0,5000,12,15,200,0,False,1.3188509541646032
zdt1_interval,ls,mopso,spread,0.0,5000,13,15,200,0,False,1.1647708964515693
zdt1_interval,ls,mopso,spread,0.0,5000,14,15,200,0,False,1.0330906907975304
zdt1_interval,ls,mopso,spread,0.0,5000,15,15,200,0,False,0.9971638220017409
zdt1_interval,cw,random_search,spread,0.0,5000,11,15,17,0,False,3.20649200424733
zdt1_interval,cw,random_search,spread,0.0,5000,12,15,18,0,False,3.9644421631650313
zdt1_interval,cw,random_search,spread,0.0,5000,13,15,23,0,False,3.3330797019250995
zdt1_interval,cw,random_search,spread,0.0,5000,14,15,22,0,False,3.2226745730673367
zdt1_interval,cw,random_search,spread,0.0,5000,15,15,15,0,False,3.7310072818576367
zdt1_interval,cw,nsga2,spread,0.0,5000,11,15,57,0,False,1.238387413202742
zdt1_interval,cw,nsga2,spread,0.0,5000,12,15,69,0,False,1.1685941783595364
zdt1_interval,cw,nsga2,spread,0.0,5000,13,15,70,0,False,1.4182965173955129
zdt1_interval,cw,nsga2,spread,0.0,5000,14,15,85,0,False,1.1816570382735871
zdt1_interval,cw,nsga2,spread,0.0,5000,15,15,52,0,False,1.3103669348648166
zdt1_interval,cw,mopso,spread,0.0,5000,11,15,200,0,False,1.112518291179402
zdt1_interval,cw,mopso,spread,0.0,5000,12,15,200,0,False,1.3188509541646032
zdt1_interval,cw,mopso,spread,0.0,5000,13,15,200,0,False,1.1647708964515693
zdt1_interval,cw,mopso,spread,0.0,5000,14,15,200,0,False,1.0330906907975304
zdt1_interval,cw,mopso,spread,0.0,5000,15,15,200,0,False,0.9971638220017409
zdt1_interval,lu,random_search,spread,0.05,5000,11,20,26,0,False,5.4243266876700655
zdt1_interval,lu,random_search,hypervolume,0.05,5000,11,20,26,0,False,14.89579083020251
zdt1_interval,lu,random_search,spread,0.05,5000,12,20,26,0,False,5.6080100964352795
zdt1_interval,lu,random_search,hypervolume,0.05,5000,12,20,26,0,False,15.394650718829471
zdt1_interval,lu,random_search,spread,0.05,5000,13,20,34,0,False,5.820161893527035
zdt1_interval,lu,random_search,hypervolume,0.05,5000,13,20,34,0,False,14.321771795170102
zdt1_interval,lu,random_search,spread,0.05,5000,14,20,36,0,False,5.554458779284249
zdt1_interval,lu,random_search,hypervolume,0.05,5000,14,20,36,0,False,14.387772252485618
zdt1_interval,lu,random_search,spread,0.05,5000,15,20,20,0,False,5.28769245568253
zdt1_interval,lu,random_search,hypervolume,0.05,5000,15,20,20,0,False,16.613639071145585
zdt1_interval,lu,nsga2,spread,0.05,5000,11,20,100,0,False,3.843678588142278
zdt1_interval,lu,nsga2,hypervolume,0.05,5000,11,20,100,0,False,34.631775384787765
zdt1_interval,lu,nsga2,spread,0.05,5000,12,20,100,0,False,5.613638643705303
zdt1_interval,lu,nsga2,hypervolume,0.05,5000,12,20,100,0,False,34.27116997760177
zdt1_interval,lu,nsga2,spread,0.05,5000,13,20,100,0,False,3.319602027957896
zdt1_interval,lu,nsga2,hypervolume,0.05,5000,13,20,100,0,False,35.91863141447413
zdt1_interval,lu,nsga2,spread,0.05,5000,14,20,100,0,False,5.18644296931851
zdt1_interval,lu,nsga2,hypervolume,0.05,5000,14,20,100,0,False,34.812471983076264
zdt1_interval,lu,nsga2,spread,0.05,5000,15,20,100,0,False,3.2426756037787716
zdt1_interval,lu,nsga2,hypervolume,0.05,5000,15,20,100,0,False,37.14963071866302
zdt1_interval,lu,mopso,spread,0.05,5000,11,20,200,0,False,4.656562623976965
zdt1_interval,lu,mopso,hypervolume,0.05,5000,11,20,200,0,False,30.743501711472923
zdt1_interval,lu,mopso,spread,0.05,5000,12,20,200,0,False,5.896120897617148
zdt1_interval,lu,mopso,hypervolume,0.05,5000,12,20,200,0,False,26.3566419946972
zdt1_interval,lu,mopso,spread,0.05,5000,13,20,200,0,False,6.311401021567622
zdt1_interval,lu,mopso,hypervolume,0.05,5000,13,20,200,0,False,24.709835238428596
zdt1_interval,lu,mopso,spread,0.05,5000,14,20,200,0,False,4.326353069226726
zdt1_interval,lu,mopso,hypervolume,0.05,5000,14,20,200,0,False,26.68299047730364
zdt1_interval,lu,mopso,spread,0.05,5000,15,20,200,0,False,5.655941042274625
zdt1_interval,lu,mopso,hypervolume,0.05,5000,15,20,200,0,False,26.00399672612204
zdt1_interval,ls,random_search,spread,0.05,5000,11,20,304,0,False,2.9597915180093115
zdt1_interval,ls,random_search,hypervolume,0.05,5000,11,20,304,0,False,0.003231697555691537
zdt1_interval,ls,random_search,spread,0.05,5000,12,20,270,0,False,2.5087021358426824
zdt1_interval,ls,random_search,hypervolume,0.05,5000,12,20,270,0,False,0.0032281359249754908
zdt1_interval,ls,random_search,spread,0.05,5000,13,20,274,0,False,3.493818378107388
zdt1_interval,ls,random_search,hypervolume,0.05,5000,13,20,274,0,False,0.0032271408204555957
zdt1_interval,ls,random_search,spread,0.05,5000,14,20,269,0,False,4.123936839952979
zdt1_interval,ls,random_search,hypervolume,0.05,5000,14,20,269,0,False,0.0033154133975100033
zdt1_interval,ls,random_search,spread,0.05,5000,15,20,285,0,False,3.295491040611158
zdt1_interval,ls,random_search,hypervolume,0.05,5000,15,20,285,0,False,0.0033393797020770956
zdt1_interval,ls,nsga2,spread,0.05,5000,11,20,100,0,False,3.5955327700431785
zdt1_interval,ls,nsga2,hypervolume,0.05,5000,11,20,100,0,False,0.0035675733291814856
zdt1_interval,ls,nsga2,spread,0.05,5000,12,20,100,0,False,2.485775167985853
zdt1_interval,ls,nsga2,hypervolume,0.05,5000,12,20,100,0,False,0.0037473623333804493
zdt1_interval,ls,nsga2,spread,0.05,5000,13,20,100,0,False,3.1880020077884113
zdt1_interval,ls,nsga2,hypervolume,0.05,5000,13,20,100,0,False,0.0045596110506077574
zdt1_interval,ls,nsga2,spread,0.05,5000,14,20,100,0,False,3.062006202841732
zdt1_interval,ls,nsga2,hypervolume,0.05,5000,14,20,100,0,False,0.00416838469739898
zdt1_interval,ls,nsga2,spread,0.05,5000,15,20,100,0,False,2.979508745149306
zdt1_interval,ls,nsga2,hypervolume,0.05,5000,15,20,100,0,False,0.0042726504480980155
zdt1_interval,ls,mopso,spread,0.05,5000,11,20,200,0,False,5.331272542763823
zdt1_interval,ls,mopso,hypervolume,0.05,5000,11,20,200,0,False,0.0037585834515657273
zdt1_interval,ls,mopso,spread,0.05,5000,12,20,200,0,False,4.807061828624614
zdt1_interval,ls,mopso,hypervolume,0.05,5000,12,20,200,0,False,0.0031408553539441476
zdt1_interval,ls,mopso,spread,0.05,5000,13,20,200,0,False,4.255070674052911
zdt1_interval,ls,mopso,hypervolume,0.05,5000,13,20,200,0,False,0.003680102458498263
zdt1_interval,ls,mopso,spread,0.05,5000,14,20,200,0,False,3.8807811951308544
zdt1_interval,ls,mopso,hypervolume,0.05,5000,14,20,200,0,False,0.003825770259947007
zdt1_interval,ls,mopso,spread,0.05,5000,15,20,200,0,False,4.032474735994628
zdt1_interval,ls,mopso,hypervolume,0.05,5000,15,20,200,0,False,0.0034273571634877344
zdt1_interval,cw,random_search,spread,0.05,5000,11,20,287,0,False,2.2039945977840882
zdt1_interval,cw,random_search,hypervolume,0.05,5000,11,20,287,0,False,0.0005679564634284288
zdt1_interval,cw,random_search,spread,0.05,5000,12,20,250,0,False,3.2611260288359714
zdt1_interval,cw,random_search,hypervolume,0.05,5000,12,20,250,0,False,0.0005756466866090572
zdt1_interval,cw,random_search,spread,0.05,5000,13,20,257,0,False,2.428134390684764
zdt1_interval,cw,random_search,hypervolume,0.05,5000,13,20,257,0,False,0.000513412938029164
zdt1_interval,cw,random_search,spread,0.05,5000,14,20,253,0,False,2.9100896561602148
zdt1_interval,cw,random_search,hypervolume,0.05,5000,14,20,253,0,False,0.0005732358045680038
zdt1_interval,cw,random_search,spread,0.05,5000,15,20,271,0,False,3.115941572037522
zdt1_interval,cw,random_search,hypervolume,0.05,5000,15,20,271,0,False,0.0005584578309169219
zdt1_interval,cw,nsga2,spread,0.05,5000,11,20,100,0,False,2.0668957736282465
zdt1_interval,cw,nsga2,hypervolume,0.05,5000,11,20,100,0,False,0.0009365487876351557
zdt1_interval,cw,nsga2,spread,0.05,5000,12,20,100,0,False,2.1994256185410404
zdt1_interval,cw,nsga2,hypervolume,0.05,5000,12,20,100,0,False,0.0008002422634244726
zdt1_interval,cw,nsga2,spread,0.05,5000,13,20,100,0,False,1.982339662490638
zdt1_interval,cw,nsga2,hypervolume,0.05,5000,13,20,100,0,False,0.0009334628000075808
zdt1_interval,cw,nsga2,spread,0.05,5000,14,20,100,0,False,2.0738616265184753
zdt1_interval,cw,nsga2,hypervolume,0.05,5000,14,20,100,0,False,0.0009637554046291657
zdt1_interval,cw,nsga2,spread,0.05,5000,15,20,100,0,False,2.279978813068197
zdt1_interval,cw,nsga2,hypervolume,0.05,5000,15,20,100,0,False,0.0009763112812056043
zdt1_interval,cw,mopso,spread,0.05,5000,11,20,196,0,False,2.793451733672135
zdt1_interval,cw,mopso,hypervolume,0.05,5000,11,20,196,0,False,0.0007547621427768575
zdt1_interval,cw,mopso,spread,0.05,5000,12,20,177,0,False,2.8467699785224756
zdt1_interval,cw,mopso,hypervolume,0.05,5000,12,20,177,0,False,0.0007405081821945317
zdt1_interval,cw,mopso,spread,0.05,5000,13,20,181,0,False,3.1096599357240824
zdt1_interval,cw,mopso,hypervolume,0.05,5000,13,20,181,0,False,0.0007948965855067447
zdt1_interval,cw,mopso,spread,0.05,5000,14,20,198,0,False,2.402638819546508
zdt1_interval,cw,mopso,hypervolume,0.05,5000,14,20,198,0,False,0.0007504859194815384
zdt1_interval,cw,mopso,spread,0.05,5000,15,20,143,0,False,2.399041614505753
zdt1_interval,cw,mopso,hypervolume,0.05,5000,15,20,143,0,False,0.0007716236488644942
zdt1_interval,lu,random_search,spread,0.1,5000,11,29,32,0,False,5.4262592219929635
zdt1_interval,lu,random_search,hypervolume,0.1,5000,11,29,32,0,False,20.772931017303506
zdt1_interval,lu,random_search,spread,0.1,5000,12,29,36,0,False,6.518515594229135
zdt1_interval,lu,random_search,hypervolume,0.1,5000,12,29,36,0,False,20.45124591522245
zdt1_interval,lu,random_search,spread,0.1,5000,13,29,43,0,False,5.471990512439326
zdt1_interval,lu,random_search,hypervolume,0.1,5000,13,29,43,0,False,19.660387163935695
zdt1_interval,lu,random_search,spread,0.1,5000,14,29,43,0,False,5.555966293551419
zdt1_interval,lu,random_search,hypervolume,0.1,5000,14,29,43,0,False,19.602591895520877
zdt1_interval,lu,random_search,spread,0.1,5000,15,29,29,0,False,5.303836592748585
zdt1_interval,lu,random_search,hypervolume,0.1,5000,15,29,29,0,False,22.110322166854402
zdt1_interval,lu,random_search,spread,0.1,20000,11,29,60,0,False,5.440072427594158
zdt1_interval,lu,random_search,hypervolume,0.1,20000,11,29,60,0,False,19.62902356511256
zdt1_interval,lu,random_search,spread,0.1,20000,12,29,55,0,False,5.943027085824159
zdt1_interval,lu,random_search,hypervolume,0.1,20000,12,29,55,0,False,21.331941512808015
zdt1_interval,lu,random_search,spread,0.1,20000,13,29,74,0,False,6.066200965911885
zdt1_interval,lu,random_search,hypervolume,0.1,20000,13,29,74,0,False,19.52582398753538
zdt1_interval,lu,random_search,spread,0.1,20000,14,29,60,0,False,6.0271886064020785
zdt1_interval,lu,random_search,hypervolume,0.1,20000,14,29,60,0,False,20.968546397367003
zdt1_interval,lu,random_search,spread,0.1,20000,15,29,59,0,False,5.870115185951642
zdt1_interval,lu,random_search,hypervolume,0.1,20000,15,29,59,0,False,16.67791545313794
zdt1_interval,lu,nsga2,spread,0.1,5000,11,29,100,0,False,4.76544657646872
zdt1_interval,lu,nsga2,hypervolume,0.1,5000,11,29,100,0,False,46.126317573824394
zdt1_interval,lu,nsga2,spread,0.1,5000,12,29,100,0,False,5.676638548563559
zdt1_interval,lu,nsga2,hypervolume,0.1,5000,12,29,100,0,False,46.173530859867405
zdt1_interval,lu,nsga2,spread,0.1,5000,13,29,100,0,False,4.579769414379523
zdt1_interval,lu,nsga2,hypervolume,0.1,5000,13,29,100,0,False,44.46621590856797
zdt1_interval,lu,nsga2,spread,0.1,5000,14,29,100,0,False,4.854684767551232
zdt1_interval,lu,nsga2,hypervolume,0.1,5000,14,29,100,0,False,44.471799015322695
zdt1_interval,lu,nsga2,spread,0.1,5000,15,29,100,0,False,4.433233690659353
zdt1_interval,lu,nsga2,hypervolume,0.1,5000,15,29,100,0,False,45.84220188456777
zdt1_interval,lu,nsga2,spread,0.1,20000,11,29,100,0,False,2.5711721607406908
zdt1_interval,lu,nsga2,hypervolume,0.1,20000,11,29,100,0,False,52.85456111530182
zdt1_interval,lu,nsga2,spread,0.1,20000,12,29,100,0,False,2.632639390312962
zdt1_interval,lu,nsga2,hypervolume,0.1,20000,12,29,100,0,False,53.064332447263
zdt1_interval,lu,nsga2,spread,0.1,20000,13,29,100,0,False,2.3535724051845595
zdt1_interval,lu,nsga2,hypervolume,0.1,20000,13,29,100,0,False,52.778964292751496
zdt1_interval,lu,nsga2,spread,0.1,20000,14,29,100,0,False,2.3219886623453236
zdt1_interval,lu,nsga2,hypervolume,0.1,20000,14,29,100,0,False,52.722289294125055
zdt1_interval,lu,nsga2,spread,0.1,20000,15,29,100,0,False,2.0302963220913566
zdt1_interval,lu,nsga2,hypervolume,0.1,20000,15,29,100,0,False,53.099720336513215
zdt1_interval,lu,mopso,spread,0.1,5000,11,29,195,0,False,5.2241755842510935
zdt1_interval,lu,mopso,hypervolume,0.1,5000,11,29,195,0,False,30.565124858745165
zdt1_interval,lu,mopso,spread,0.1,5000,12,29,200,0,False,6.386652874651665
zdt1_interval,lu,mopso,hypervolume,0.1,5000,12,29,200,0,False,36.43960147177964
zdt1_interval,lu,mopso,spread,0.1,5000,13,29,183,0,False,5.207941312553474
zdt1_interval,lu,mopso,hypervolume,0.1,5000,13,29,183,0,False,32.142554993407344
zdt1_interval,lu,mopso,spread,0.1,5000,14,29,200,0,False,4.342397126531324
zdt1_interval,lu,mopso,hypervolume,0.1,5000,14,29,200,0,False,24.36944879926172
zdt1_interval,lu,mopso,spread,0.1,5000,15,29,200,0,False,4.539722146974502
zdt1_interval,lu,mopso,hypervolume,0.1,5000,15,29,200,0,False,33.98943817412118
zdt1_interval,lu,mopso,spread,0.1,20000,11,29,200,0,False,3.714710413163256
zdt1_interval,lu,mopso,hypervolume,0.1,20000,11,29,200,0,False,38.347204465142084
zdt1_interval,lu,mopso,spread,0.1,20000,12,29,200,0,False,6.236547052016258
zdt1_interval,lu,mopso,hypervolume,0.1,20000,12,29,200,0,False,42.845577359496616
zdt1_interval,lu,mopso,spread,0.1,20000,13,29,200,0,False,4.403847402521475
zdt1_interval,lu,mopso,hypervolume,0.1,20000,13,29,200,0,False,38.82098635516637
zdt1_interval,lu,mopso,spread,0.1,20000,14,29,200,0,False,5.052371487490889
zdt1_interval,lu,mopso,hypervolume,0.1,20000,14,29,200,0,False,36.22477191719049
zdt1_interval,lu,mopso,spread,0.1,20000,15,29,200,0,False,5.34752736522475
zdt1_interval,lu,mopso,hypervolume,0.1,20000,15,29,200,0,False,40.196722688459744
zdt1_interval,ls,random_search,spread,0.1,5000,11,29,316,0,False,3.377896095029851
zdt1_interval,ls,random_search,hypervolume,0.1,5000,11,29,316,0,False,0.013283783539782157
zdt1_interval,ls,random_search,spread,0.1,5000,12,29,290,0,False,3.166012907046971
zdt1_interval,ls,random_search,hypervolume,0.1,5000,12,29,290,0,False,0.012964656126948066
zdt1_interval,ls,random_search,spread,0.1,5000,13,29,290,0,False,3.7884315857523605
zdt1_interval,ls,random_search,hypervolume,0.1,5000,13,29,290,0,False,0.012851715087587175
zdt1_interval,ls,random_search,spread,0.1,5000,14,29,278,0,False,3.9815100315712626
zdt1_interval,ls,random_search,hypervolume,0.1,5000,14,29,278,0,False,0.013682596380919265
zdt1_interval,ls,random_search,spread,0.1,5000,15,29,296,0,False,3.4491280178781905
zdt1_interval,ls,random_search,hypervolume,0.1,5000,15,29,296,0,False,0.012686090371948431
zdt1_interval,ls,random_search,spread,0.1,20000,11,29,518,0,False,3.4706943451488255
zdt1_interval,ls,random_search,hypervolume,0.1,20000,11,29,518,0,False,0.013529538288069175
zdt1_interval,ls,random_search,spread,0.1,20000,12,29,473,0,False,3.6890345954764894
zdt1_interval,ls,random_search,hypervolume,0.1,20000,12,29,473,0,False,0.013257806506547036
zdt1_interval,ls,random_search,spread,0.1,20000,13,29,470,0,False,4.386157571188337
zdt1_interval,ls,random_search,hypervolume,0.1,20000,13,29,470,0,False,0.013725019199030573
zdt1_interval,ls,random_search,spread,0.1,20000,14,29,550,0,False,3.8402131616773056
zdt1_interval,ls,random_search,hypervolume,0.1,20000,14,29,550,0,False,0.013552328464524196
zdt1_interval,ls,random_search,spread,0.1,20000,15,29,481,0,False,3.5357042116029653
zdt1_interval,ls,random_search,hypervolume,0.1,20000,15,29,481,0,False,0.01342214504746347
zdt1_interval,ls,nsga2,spread,0.1,5000,11,29,100,0,False,4.326158141643824
zdt1_interval,ls,nsga2,hypervolume,0.1,5000,11,29,100,0,False,0.01829441986499034
zdt1_interval,ls,nsga2,spread,0.1,5000,12,29,100,0,False,3.753412948833321
zdt1_interval,ls,nsga2,hypervolume,0.1,5000,12,29,100,0,False,0.01853827438845234
zdt1_interval,ls,nsga2,spread,0.1,5000,13,29,100,0,False,3.8488254005673936
zdt1_interval,ls,nsga2,hypervolume,0.1,5000,13,29,100,0,False,0.019291418280657342
zdt1_interval,ls,nsga2,spread,0.1,5000,14,29,100,0,False,3.5547721854952257
zdt1_interval,ls,nsga2,hypervolume,0.1,5000,14,29,100,0,False,0.01714966380194964
zdt1_interval,ls,nsga2,spread,0.1,5000,15,29,100,0,False,3.4809467889133807
zdt1_interval,ls,nsga2,hypervolume,0.1,5000,15,29,100,0,False,0.017039839495151757
zdt1_interval,ls,nsga2,spread,0.1,20000,11,29,100,0,False,1.9841315823765038
zdt1_interval,ls,nsga2,hypervolume,0.1,20000,11,29,100,0,False,0.019505651148278645
zdt1_interval,ls,nsga2,spread,0.1,20000,12,29,100,0,False,1.968394723189289
zdt1_interval,ls,nsga2,hypervolume,0.1,20000,12,29,100,0,False,0.017536883342268363
zdt1_interval,ls,nsga2,spread,0.1,20000,13,29,100,0,False,2.7237663941074155
zdt1_interval,ls,nsga2,hypervolume,0.1,20000,13,29,100,0,False,0.018610947660176035
zdt1_interval,ls,nsga2,spread,0.1,20000,14,29,100,0,False,2.563172175377031
zdt1_interval,ls,nsga2,hypervolume,0.1,20000,14,29,100,0,False,0.01853669265302927
zdt1_interval,ls,nsga2,spread,0.1,20000,15,29,100,0,False,2.2304508525814883
zdt1_interval,ls,nsga2,hypervolume,0.1,20000,15,29,100,0,False,0.01880701710002665
zdt1_interval,ls,mopso,spread,0.1,5000,11,29,200,0,False,4.993667223096605
zdt1_interval,ls,mopso,hypervolume,0.1,5000,11,29,200,0,False,0.015762901248508113
zdt1_interval,ls,mopso,spread,0.1,5000,12,29,200,0,False,3.9899577469313843
zdt1_interval,ls,mopso,hypervolume,0.1,5000,12,29,200,0,False,0.015457546591099589
zdt1_interval,ls,mopso,spread,0.1,5000,13,29,200,0,False,4.371227767443306
zdt1_interval,ls,mopso,hypervolume,0.1,5000,13,29,200,0,False,0.014720392603909178
zdt1_interval,ls,mopso,spread,0.1,5000,14,29,200,0,False,4.534901331687631
zdt1_interval,ls,mopso,hypervolume,0.1,5000,14,29,200,0,False,0.015742652000818026
zdt1_interval,ls,mopso,spread,0.1,5000,15,29,200,0,False,4.258701923692225
zdt1_interval,ls,mopso,hypervolume,0.1,5000,15,29,200,0,False,0.015000887789106456
zdt1_interval,ls,mopso,spread,0.1,20000,11,29,200,0,False,4.881471649965409
zdt1_interval,ls,mopso,hypervolume,0.1,20000,11,29,200,0,False,0.015997389722001105
zdt1_interval,ls,mopso,spread,0.1,20000,12,29,200,0,False,3.6203252504150134
zdt1_interval,ls,mopso,hypervolume,0.1,20000,12,29,200,0,False,0.015525907959100653
zdt1_interval,ls,mopso,spread,0.1,20000,13,29,200,0,False,3.924735958727162
zdt1_interval,ls,mopso,hypervolume,0.1,20000,13,29,200,0,False,0.015947749931825676
zdt1_interval,ls,mopso,spread,0.1,20000,14,29,200,0,False,4.036950213483938
zdt1_interval,ls,mopso,hypervolume,0.1,20000,14,29,200,0,False,0.016846126970625968
zdt1_interval,ls,mopso,spread,0.1,20000,15,29,192,0,False,3.5498479628677098
zdt1_interval,ls,mopso,hypervolume,0.1,20000,15,29,192,0,False,0.0159474018411909
zdt1_interval,cw,random_search,spread,0.1,5000,11,29,287,0,False,2.8116841427168837
zdt1_interval,cw,random_search,hypervolume,0.1,5000,11,29,287,0,False,0.0029616519851217776
zdt1_interval,cw,random_search,spread,0.1,5000,12,29,250,0,False,3.295807499514084
zdt1_interval,cw,random_search,hypervolume,0.1,5000,12,29,250,0,False,0.0029409968399155945
zdt1_interval,cw,random_search,spread,0.1,5000,13,29,257,0,False,3.1873506472666104
zdt1_interval,cw,random_search,hypervolume,0.1,5000,13,29,257,0,False,0.0029142779848849837
zdt1_interval,cw,random_search,spread,0.1,5000,14,29,253,0,False,4.171741319971998
zdt1_interval,cw,random_search,hypervolume,0.1,5000,14,29,253,0,False,0.0030280330161628947
zdt1_interval,cw,random_search,spread,0.1,5000,15,29,271,0,False,3.079893499917014
zdt1_interval,cw,random_search,hypervolume,0.1,5000,15,29,271,0,False,0.002884515915772309
zdt1_interval,cw,random_search,spread,0.1,20000,11,29,452,0,False,4.119060906719667
zdt1_interval,cw,random_search,hypervolume,0.1,20000,11,29,452,0,False,0.0031312885024395503
zdt1_interval,cw,random_search,spread,0.1,20000,12,29,411,0,False,2.812112912341939
zdt1_interval,cw,random_search,hypervolume,0.1,20000,12,29,411,0,False,0.002881496467241256
zdt1_interval,cw,random_search,spread,0.1,20000,13,29,381,0,False,3.859657203807208
zdt1_interval,cw,random_search,hypervolume,0.1,20000,13,29,381,0,False,0.002962874501565807
zdt1_interval,cw,random_search,spread,0.1,20000,14,29,491,0,False,3.353337647990823
zdt1_interval,cw,random_search,hypervolume,0.1,20000,14,29,491,0,False,0.0030898796822011274
zdt1_interval,cw,random_search,spread,0.1,20000,15,29,393,0,False,2.9334277174109986
zdt1_interval,cw,random_search,hypervolume,0.1,20000,15,29,393,0,False,0.0030526234438041163
zdt1_interval,cw,nsga2,spread,0.1,5000,11,29,100,0,False,2.303887123554319
zdt1_interval,cw,nsga2,hypervolume,0.1,5000,11,29,100,0,False,0.004494079874252997
zdt1_interval,cw,nsga2,spread,0.1,5000,12,29,100,0,False,2.254825948107262
zdt1_interval,cw,nsga2,hypervolume,0.1,5000,12,29,100,0,False,0.003966167112752437
zdt1_interval,cw,nsga2,spread,0.1,5000,13,29,100,0,False,2.1224571794200813
zdt1_interval,cw,nsga2,hypervolume,0.1,5000,13,29,100,0,False,0.004522552216124294
zdt1_interval,cw,nsga2,spread,0.1,5000,14,29,100,0,False,2.6814585495577643
zdt1_interval,cw,nsga2,hypervolume,0.1,5000,14,29,100,0,False,0.0044080679569955435
zdt1_interval,cw,nsga2,spread,0.1,5000,15,29,100,0,False,2.7058880115190465
zdt1_interval,cw,nsga2,hypervolume,0.1,5000,15,29,100,0,False,0.004483860737907744
zdt1_interval,cw,nsga2,spread,0.1,20000,11,29,100,0,False,1.4621671685595172
zdt1_interval,cw,nsga2,hypervolume,0.1,20000,11,29,100,0,False,0.004362857041552225
zdt1_interval,cw,nsga2,spread,0.1,20000,12,29,100,0,False,1.4975287852856052
zdt1_interval,cw,nsga2,hypervolume,0.1,20000,12,29,100,0,False,0.004643497167887168
zdt1_interval,cw,nsga2,spread,0.1,20000,13,29,100,0,False,1.5772100372087605
zdt1_interval,cw,nsga2,hypervolume,0.1,20000,13,29,100,0,False,0.004248764910293908
zdt1_interval,cw,nsga2,spread,0.1,20000,14,29,100,0,False,1.4488243476665064
zdt1_interval,cw,nsga2,hypervolume,0.1,20000,14,29,100,0,False,0.004288889040714079
zdt1_interval,cw,nsga2,spread,0.1,20000,15,29,100,0,False,1.639998298056688
zdt1_interval,cw,nsga2,hypervolume,0.1,20000,15,29,100,0,False,0.0047412841161284525
zdt1_interval,cw,mopso,spread,0.1,5000,11,29,196,0,False,3.3987887586413903
zdt1_interval,cw,mopso,hypervolume,0.1,5000,11,29,196,0,False,0.003697496204419698
zdt1_interval,cw,mopso,spread,0.1,5000,12,29,177,0,False,2.9657981205590196
zdt1_interval,cw,mopso,hypervolume,0.1,5000,12,29,177,0,False,0.0036059873437532183
zdt1_interval,cw,mopso,spread,0.1,5000,13,29,181,0,False,2.800300347148667
zdt1_interval,cw,mopso,hypervolume,0.1,5000,13,29,181,0,False,0.003779683487724533
zdt1_interval,cw,mopso,spread,0.1,5000,14,29,198,0,False,2.0901782351865212
zdt1_interval,cw,mopso,hypervolume,0.1,5000,14,29,198,0,False,0.0037151032735452927
zdt1_interval,cw,mopso,spread,0.1,5000,15,29,143,0,False,2.502325114766514
zdt1_interval,cw,mopso,hypervolume,0.1,5000,15,29,143,0,False,0.0037297053731114426
zdt1_interval,cw,mopso,spread,0.1,20000,11,29,198,0,False,1.7130161426596962
zdt1_interval,cw,mopso,hypervolume,0.1,20000,11,29,198,0,False,0.0040015414326107675
zdt1_interval,cw,mopso,spread,0.1,20000,12,29,200,0,False,1.9810194858261858
zdt1_interval,cw,mopso,hypervolume,0.1,20000,12,29,200,0,False,0.004232552721077566
zdt1_interval,cw,mopso,spread,0.1,20000,13,29,150,0,False,2.140266309151081
zdt1_interval,cw,mopso,hypervolume,0.1,20000,13,29,150,0,False,0.004386208116642159
zdt1_interval,cw,mopso,spread,0.1,20000,14,29,144,0,False,2.6902821272387083
zdt1_interval,cw,mopso,hypervolume,0.1,20000,14,29,144,0,False,0.004201587961752292
zdt1_interval,cw,mopso,spread,0.1,20000,15,29,199,0,False,2.7674188256653625
zdt1_interval,cw,mopso,hypervolume,0.1,20000,15,29,199,0,False,0.0043265664095070485
zdt1_interval,lu,random_search,spread,0.25,5000,11,41,53,0,False,5.731561689313827
zdt1_interval,lu,random_search,hypervolume,0.25,5000,11,41,53,0,False,20.45659251697933
zdt1_interval,lu,random_search,spread,0.25,5000,12,41,50,0,False,6.52383438094091
zdt1_interval,lu,random_search,hypervolume,0.25,5000,12,41,50,0,False,20.9975943158491
zdt1_interval,lu,random_search,spread,0.25,5000,13,41,59,0,False,6.188730674483953
zdt1_interval,lu,random_search,hypervolume,0.25,5000,13,41,59,0,False,20.005137118814947
zdt1_interval,lu,random_search,spread,0.25,5000,14,41,59,0,False,5.88296463447835
zdt1_interval,lu,random_search,hypervolume,0.25,5000,14,41,59,0,False,20.076425572257776
zdt1_interval,lu,random_search,spread,0.25,5000,15,41,41,0,False,6.058934845903556
zdt1_interval,lu,random_search,hypervolume,0.25,5000,15,41,41,0,False,22.353399644905288
zdt1_interval,lu,nsga2,spread,0.25,5000,11,41,100,0,False,5.43934400796328
zdt1_interval,lu,nsga2,hypervolume,0.25,5000,11,41,100,0,False,45.20504629091241
zdt1_interval,lu,nsga2,spread,0.25,5000,12,41,100,0,False,5.086618008066764
zdt1_interval,lu,nsga2,hypervolume,0.25,5000,12,41,100,0,False,46.592406815696116
zdt1_interval,lu,nsga2,spread,0.25,5000,13,41,100,0,False,5.411658498971887
zdt1_interval,lu,nsga2,hypervolume,0.25,5000,13,41,100,0,False,48.21871986168232
zdt1_interval,lu,nsga2,spread,0.25,5000,14,41,100,0,False,4.992516309191691
zdt1_interval,lu,nsga2,hypervolume,0.25,5000,14,41,100,0,False,45.273196407976044
zdt1_interval,lu,nsga2,spread,0.25,5000,15,41,100,0,False,5.30995932581109
zdt1_interval,lu,nsga2,hypervolume,0.25,5000,15,41,100,0,False,47.675854198679275
zdt1_interval,lu,mopso,spread,0.25,5000,11,41,200,0,False,6.5245388476883095
zdt1_interval,lu,mopso,hypervolume,0.25,5000,11,41,200,0,False,37.70470718506881
zdt1_interval,lu,mopso,spread,0.25,5000,12,41,200,0,False,5.301767436669724
zdt1_interval,lu,mopso,hypervolume,0.25,5000,12,41,200,0,False,30.77571245290799
zdt1_interval,lu,mopso,spread,0.25,5000,13,41,200,0,False,5.905759736093158
zdt1_interval,lu,mopso,hypervolume,0.25,5000,13,41,200,0,False,35.33276489423375
zdt1_interval,lu,mopso,spread,0.25,5000,14,41,200,0,False,4.827141152163419
zdt1_interval,lu,mopso,hypervolume,0.25,5000,14,41,200,0,False,30.929692681140196
zdt1_interval,lu,mopso,spread,0.25,5000,15,41,188,0,False,4.569341205791548
zdt1_interval,lu,mopso,hypervolume,0.25,5000,15,41,188,0,False,28.426891966392667
zdt1_interval,ls,random_search,spread,0.25,5000,11,41,352,0,False,3.3159933635316396
zdt1_interval,ls,random_search,hypervolume,0.25,5000,11,41,352,0,False,0.08127119329850657
zdt1_interval,ls,random_search,spread,0.25,5000,12,41,328,0,False,2.826746513599245
zdt1_interval,ls,random_search,hypervolume,0.25,5000,12,41,328,0,False,0.08385169072359575
zdt1_interval,ls,random_search,spread,0.25,5000,13,41,323,0,False,3.902103304923669
zdt1_interval,ls,random_search,hypervolume,0.25,5000,13,41,323,0,False,0.08166466758180127
zdt1_interval,ls,random_search,spread,0.25,5000,14,41,304,0,False,3.2872761519402274
zdt1_interval,ls,random_search,hypervolume,0.25,5000,14,41,304,0,False,0.08371820256932612
zdt1_interval,ls,random_search,spread,0.25,5000,15,41,331,0,False,3.4596082397873285
zdt1_interval,ls,random_search,hypervolume,0.25,5000,15,41,331,0,False,0.08189933208227745
zdt1_interval,ls,nsga2,spread,0.25,5000,11,41,100,0,False,4.1824346021460235
zdt1_interval,ls,nsga2,hypervolume,0.25,5000,11,41,100,0,False,0.11410188737937063
zdt1_interval,ls,nsga2,spread,0.25,5000,12,41,100,0,False,3.7240109068484233
zdt1_interval,ls,nsga2,hypervolume,0.25,5000,12,41,100,0,False,0.11653805556162083
zdt1_interval,ls,nsga2,spread,0.25,5000,13,41,100,0,False,4.474484151824466
zdt1_interval,ls,nsga2,hypervolume,0.25,5000,13,41,100,0,False,0.10958634844310641
zdt1_interval,ls,nsga2,spread,0.25,5000,14,41,100,0,False,3.6414383743650953
zdt1_interval,ls,nsga2,hypervolume,0.25,5000,14,41,100,0,False,0.11587411781454092
zdt1_interval,ls,nsga2,spread,0.25,5000,15,41,100,0,False,3.262724898983713
zdt1_interval,ls,nsga2,hypervolume,0.25,5000,15,41,100,0,False,0.11594276182045603
zdt1_interval,ls,mopso,spread,0.25,5000,11,41,178,0,False,4.40624098622691
zdt1_interval,ls,mopso,hypervolume,0.25,5000,11,41,178,0,False,0.09523346258433889
zdt1_interval,ls,mopso,spread,0.25,5000,12,41,200,0,False,4.760620424737288
zdt1_interval,ls,mopso,hypervolume,0.25,5000,12,41,200,0,False,0.09066849565053053
zdt1_interval,ls,mopso,spread,0.25,5000,13,41,173,0,False,4.334954305478617
zdt1_interval,ls,mopso,hypervolume,0.25,5000,13,41,173,0,False,0.09474312956541564
zdt1_interval,ls,mopso,spread,0.25,5000,14,41,200,0,False,4.6709034595984065
zdt1_interval,ls,mopso,hypervolume,0.25,5000,14,41,200,0,False,0.09672172104648827
zdt1_interval,ls,mopso,spread,0.25,5000,15,41,200,0,False,5.02339369050939
zdt1_interval,ls,mopso,hypervolume,0.25,5000,15,41,200,0,False,0.09147094095845751
zdt1_interval,cw,random_search,spread,0.25,5000,11,41,287,0,False,3.615783220484158
zdt1_interval,cw,random_search,hypervolume,0.25,5000,11,41,287,0,False,0.017128597276371768
zdt1_interval,cw,random_search,spread,0.25,5000,12,41,250,0,False,3.693155801835119
zdt1_interval,cw,random_search,hypervolume,0.25,5000,12,41,250,0,False,0.01813193658828487
zdt1_interval,cw,random_search,spread,0.25,5000,13,41,257,0,False,3.907427753251671
zdt1_interval,cw,random_search,hypervolume,0.25,5000,13,41,257,0,False,0.017564861970028416
zdt1_interval,cw,random_search,spread,0.25,5000,14,41,253,0,False,4.098355606493138
zdt1_interval,cw,random_search,hypervolume,0.25,5000,14,41,253,0,False,0.017993668604653918
zdt1_interval,cw,random_search,spread,0.25,5000,15,41,271,0,False,3.66671520739109
zdt1_interval,cw,random_search,hypervolume,0.25,5000,15,41,271,0,False,0.018478367713516793
zdt1_interval,cw,nsga2,spread,0.25,5000,11,41,100,0,False,2.366297494515283
zdt1_interval,cw,nsga2,hypervolume,0.25,5000,11,41,100,0,False,0.028055668244326374
zdt1_interval,cw,nsga2,spread,0.25,5000,12,41,100,0,False,2.225056255136144
zdt1_interval,cw,nsga2,hypervolume,0.25,5000,12,41,100,0,False,0.02758839203671177
zdt1_interval,cw,nsga2,spread,0.25,5000,13,41,100,0,False,2.099962190066205
zdt1_interval,cw,nsga2,hypervolume,0.25,5000,13,41,100,0,False,0.02832384922421663
zdt1_interval,cw,nsga2,spread,0.25,5000,14,41,100,0,False,2.6826199157235275
zdt1_interval,cw,nsga2,hypervolume,0.25,5000,14,41,100,0,False,0.027754928457436993
zdt1_interval,cw,nsga2,spread,0.25,5000,15,41,100,0,False,2.6901766101770446
zdt1_interval,cw,nsga2,hypervolume,0.25,5000,15,41,100,0,False,0.027635279965805507
zdt1_interval,cw,mopso,spread,0.25,5000,11,41,196,0,False,3.6572158588399124
zdt1_interval,cw,mopso,hypervolume,0.25,5000,11,41,196,0,False,0.02234133988517163
zdt1_interval,cw,mopso,spread,0.25,5000,12,41,177,0,False,2.9140450910989024
zdt1_interval,cw,mopso,hypervolume,0.25,5000,12,41,177,0,False,0.022204761360721234
zdt1_interval,cw,mopso,spread,0.25,5000,13,41,181,0,False,2.8134720090738656
zdt1_interval,cw,mopso,hypervolume,0.25,5000,13,41,181,0,False,0.023689125577958832
zdt1_interval,cw,mopso,spread,0.25,5000,14,41,198,0,False,2.8134508258437383
zdt1_interval,cw,mopso,hypervolume,0.25,5000,14,41,198,0,False,0.02361774820914917
zdt1_interval,cw,mopso,spread,0.25,5000,15,41,143,0,False,2.715286691200386
zdt1_interval,cw,mopso,hypervolume,0.25,5000,15,41,143,0,False,0.023312283614300478
zdt1_interval,lu,random_search,spread,0.5,5000,11,66,68,0,False,5.85602998951924
zdt1_interval,lu,random_search,hypervolume,0.5,5000,11,66,68,0,False,27.919174891996928
zdt1_interval,lu,random_search,spread,0.5,5000,12,66,67,0,False,6.925741410383192
zdt1_interval,lu,random_search,hypervolume,0.5,5000,12,66,67,0,False,27.58729717533258
zdt1_interval,lu,random_search,spread,0.5,5000,13,66,92,0,False,6.045908633033822
zdt1_interval,lu,random_search,hypervolume,0.5,5000,13,66,92,0,False,25.705702112395574
zdt1_interval,lu,random_search,spread,0.5,5000,14,66,90,0,False,5.993329278670496
zdt1_interval,lu,random_search,hypervolume,0.5,5000,14,66,90,0,False,26.587333841431388
zdt1_interval,lu,random_search,spread,0.5,5000,15,66,66,0,False,6.096232731487084
zdt1_interval,lu,random_search,hypervolume,0.5,5000,15,66,66,0,False,29.0754541463107
zdt1_interval,lu,nsga2,spread,0.5,5000,11,66,100,0,False,4.822440129795772
zdt1_interval,lu,nsga2,hypervolume,0.5,5000,11,66,100,0,False,57.92340638208732
zdt1_interval,lu,nsga2,spread,0.5,5000,12,66,100,0,False,5.402671894680079
zdt1_interval,lu,nsga2,hypervolume,0.5,5000,12,66,100,0,False,59.289683123381884
zdt1_interval,lu,nsga2,spread,0.5,5000,13,66,100,0,False,4.526316866695512
zdt1_interval,lu,nsga2,hypervolume,0.5,5000,13,66,100,0,False,60.45413864665275
zdt1_interval,lu,nsga2,spread,0.5,5000,14,66,100,0,False,4.198341367664193
zdt1_interval,lu,nsga2,hypervolume,0.5,5000,14,66,100,0,False,60.14957416573575
zdt1_interval,lu,nsga2,spread,0.5,5000,15,66,100,0,False,4.167247079270528
zdt1_interval,lu,nsga2,hypervolume,0.5,5000,15,66,100,0,False,56.948672548476225
zdt1_interval,lu,mopso,spread,0.5,5000,11,66,200,0,False,6.825968585081219
zdt1_interval,lu,mopso,hypervolume,0.5,5000,11,66,200,0,False,49.9880330760641
zdt1_interval,lu,mopso,spread,0.5,5000,12,66,200,0,False,5.4047633271241535
zdt1_interval,lu,mopso,hypervolume,0.5,5000,12,66,200,0,False,44.87542965040846
zdt1_interval,lu,mopso,spread,0.5,5000,13,66,200,0,False,4.556641157175679
zdt1_interval,lu,mopso,hypervolume,0.5,5000,13,66,200,0,False,35.02724030185844
zdt1_interval,lu,mopso,spread,0.5,5000,14,66,200,0,False,5.799453829819718
zdt1_interval,lu,mopso,hypervolume,0.5,5000,14,66,200,0,False,47.927126263198
zdt1_interval,lu,mopso,spread,0.5,5000,15,66,200,0,False,7.5955241587601785
zdt1_interval,lu,mopso,hypervolume,0.5,5000,15,66,200,0,False,49.56807068552253
zdt1_interval,ls,random_search,spread,0.5,5000,11,66,389,0,False,3.6720682120588477
zdt1_interval,ls,random_search,hypervolume,0.5,5000,11,66,389,0,False,0.3645070410194249
zdt1_interval,ls,random_search,spread,0.5,5000,12,66,371,0,False,4.084366490086082
zdt1_interval,ls,random_search,hypervolume,0.5,5000,12,66,371,0,False,0.357352810460499
zdt1_interval,ls,random_search,spread,0.5,5000,13,66,382,0,False,4.311482237511672
zdt1_interval,ls,random_search,hypervolume,0.5,5000,13,66,382,0,False,0.3602010182420081
zdt1_interval,ls,random_search,spread,0.5,5000,14,66,356,0,False,4.08332690779878
zdt1_interval,ls,random_search,hypervolume,0.5,5000,14,66,356,0,False,0.36939094303618314
zdt1_interval,ls,random_search,spread,0.5,5000,15,66,390,0,False,3.630846992982984
zdt1_interval,ls,random_search,hypervolume,0.5,5000,15,66,390,0,False,0.36544144506403403
zdt1_interval,ls,nsga2,spread,0.5,5000,11,66,100,0,False,4.388293356298603
zdt1_interval,ls,nsga2,hypervolume,0.5,5000,11,66,100,0,False,0.47007819143290686
zdt1_interval,ls,nsga2,spread,0.5,5000,12,66,100,0,False,5.308090228467636
zdt1_interval,ls,nsga2,hypervolume,0.5,5000,12,66,100,0,False,0.46692554458720087
zdt1_interval,ls,nsga2,spread,0.5,5000,13,66,100,0,False,4.114093933153117
zdt1_interval,ls,nsga2,hypervolume,0.5,5000,13,66,100,0,False,0.5123838029493011
zdt1_interval,ls,nsga2,spread,0.5,5000,14,66,100,0,False,3.8890902169502244
zdt1_interval,ls,nsga2,hypervolume,0.5,5000,14,66,100,0,False,0.4979582641972381
zdt1_interval,ls,nsga2,spread,0.5,5000,15,66,100,0,False,3.9443407269746844
zdt1_interval,ls,nsga2,hypervolume,0.5,5000,15,66,100,0,False,0.4885622607007334
zdt1_interval,ls,mopso,spread,0.5,5000,11,66,200,0,False,4.367288913947094
zdt1_interval,ls,mopso,hypervolume,0.5,5000,11,66,200,0,False,0.4314050923746838
zdt1_interval,ls,mopso,spread,0.5,5000,12,66,200,0,False,5.39861501783189
zdt1_interval,ls,mopso,hypervolume,0.5,5000,12,66,200,0,False,0.4146500722220702
zdt1_interval,ls,mopso,spread,0.5,5000,13,66,200,0,False,5.015527287118798
zdt1_interval,ls,mopso,hypervolume,0.5,5000,13,66,200,0,False,0.4080216817619422
zdt1_interval,ls,mopso,spread,0.5,5000,14,66,200,0,False,4.830755433368988
zdt1_interval,ls,mopso,hypervolume,0.5,5000,14,66,200,0,False,0.4354239690087742
zdt1_interval,ls,mopso,spread,0.5,5000,15,66,200,0,False,4.185186774780444
zdt1_interval,ls,mopso,hypervolume,0.5,5000,15,66,200,0,False,0.4128005666746258
zdt1_interval,cw,random_search,spread,0.5,5000,11,66,287,0,False,3.8520332158270585
zdt1_interval,cw,random_search,hypervolume,0.5,5000,11,66,287,0,False,0.07162798678936881
zdt1_interval,cw,random_search,spread,0.5,5000,12,66,250,0,False,3.9957558347521607
zdt1_interval,cw,random_search,hypervolume,0.5,5000,12,66,250,0,False,0.07016935711355533
zdt1_interval,cw,random_search,spread,0.5,5000,13,66,257,0,False,3.46732212724958
zdt1_interval,cw,random_search,hypervolume,0.5,5000,13,66,257,0,False,0.07121976789566657
zdt1_interval,cw,random_search,spread,0.5,5000,14,66,253,0,False,3.8618682368033275
zdt1_interval,cw,random_search,hypervolume,0.5,5000,14,66,253,0,False,0.07113080866006918
zdt1_interval,cw,random_search,spread,0.5,5000,15,66,271,0,False,3.4596372330326575
zdt1_interval,cw,random_search,hypervolume,0.5,5000,15,66,271,0,False,0.07229958849014834
zdt1_interval,cw,nsga2,spread,0.5,5000,11,66,100,0,False,2.3012227930834395
zdt1_interval,cw,nsga2,hypervolume,0.5,5000,11,66,100,0,False,0.10862534499974617
zdt1_interval,cw,nsga2,spread,0.5,5000,12,66,100,0,False,2.3774288475213727
zdt1_interval,cw,nsga2,hypervolume,0.5,5000,12,66,100,0,False,0.10763679179909266
zdt1_interval,cw,nsga2,spread,0.5,5000,13,66,100,0,False,2.31589661173349
zdt1_interval,cw,nsga2,hypervolume,0.5,5000,13,66,100,0,False,0.10965937681504681
zdt1_interval,cw,nsga2,spread,0.5,5000,14,66,100,0,False,2.8489934108907824
zdt1_interval,cw,nsga2,hypervolume,0.5,5000,14,66,100,0,False,0.10950514416984429
zdt1_interval,cw,nsga2,spread,0.5,5000,15,66,100,0,False,2.844926378968552
zdt1_interval,cw,nsga2,hypervolume,0.5,5000,15,66,100,0,False,0.10894840246733649
zdt1_interval,cw,mopso,spread,0.5,5000,11,66,196,0,False,2.83069511244968
zdt1_interval,cw,mopso,hypervolume,0.5,5000,11,66,196,0,False,0.08863129306405375
zdt1_interval,cw,mopso,spread,0.5,5000,12,66,177,0,False,3.3005590686120874
zdt1_interval,cw,mopso,hypervolume,0.5,5000,12,66,177,0,False,0.08613341607328409
zdt1_interval,cw,mopso,spread,0.5,5000,13,66,181,0,False,3.72537378094965
zdt1_interval,cw,mopso,hypervolume,0.5,5000,13,66,181,0,False,0.0921702041536366
zdt1_interval,cw,mopso,spread,0.5,5000,14,66,198,0,False,3.4966180833513096
zdt1_interval,cw,mopso,hypervolume,0.5,5000,14,66,198,0,False,0.08866642959301954
zdt1_interval,cw,mopso,spread,0.5,5000,15,66,143,0,False,2.716588092907867
zdt1_interval,cw,mopso,hypervolume,0.5,5000,15,66,143,0,False,0.08897684178167903
dtlz2_interval,lu,random_search,spread,0.0,5000,11,100,159,0,False,5.0267022316965155
dtlz2_interval,lu,random_search,hypervolume,0.0,5000,11,100,159,0,False,207.78755363664402
dtlz2_interval,lu,random_search,spread,0.0,5000,12,100,172,0,False,4.397255936720008
dtlz2_interval,lu,random_search,hypervolume,0.0,5000,12,100,172,0,False,206.09273566208975
dtlz2_interval,lu,random_search,spread,0.0,5000,13,100,150,0,False,4.595204116979432
dtlz2_interval,lu,random_search,hypervolume,0.0,5000,13,100,150,0,False,209.28611503868075
dtlz2_interval,lu,random_search,spread,0.0,5000,14,100,146,0,False,5.44281496948045
dtlz2_interval,lu,random_search,hypervolume,0.0,5000,14,100,146,0,False,214.4227558760066
dtlz2_interval,lu,random_search,spread,0.0,5000,15,100,128,0,False,5.080535500246222
dtlz2_interval,lu,random_search,hypervolume,0.0,5000,15,100,128,0,False,212.83645891226752
dtlz2_interval,lu,nsga2,spread,0.0,5000,11,100,100,0,False,2.5513927849650835
dtlz2_interval,lu,nsga2,hypervolume,0.0,5000,11,100,100,0,False,254.61188426148954
dtlz2_interval,lu,nsga2,spread,0.0,5000,12,100,100,0,False,2.603610227572403
dtlz2_interval,lu,nsga2,hypervolume,0.0,5000,12,100,100,0,False,257.72751561148027
dtlz2_interval,lu,nsga2,spread,0.0,5000,13,100,100,0,False,2.6774853243838894
dtlz2_interval,lu,nsga2,hypervolume,0.0,5000,13,100,100,0,False,256.08359541890076
dtlz2_interval,lu,nsga2,spread,0.0,5000,14,100,100,0,False,2.7927140206955023
dtlz2_interval,lu,nsga2,hypervolume,0.0,5000,14,100,100,0,False,254.00154595771602
dtlz2_interval,lu,nsga2,spread,0.0,5000,15,100,100,0,False,2.5725184068307216
dtlz2_interval,lu,nsga2,hypervolume,0.0,5000,15,100,100,0,False,256.0858496707157
dtlz2_interval,lu,mopso,spread,0.0,5000,11,100,123,0,False,2.969661184013423
dtlz2_interval,lu,mopso,hypervolume,0.0,5000,11,100,123,0,False,239.11139168091813
dtlz2_interval,lu,mopso,spread,0.0,5000,12,100,107,0,False,2.9238193892860855
dtlz2_interval,lu,mopso,hypervolume,0.0,5000,12,100,107,0,False,244.35124418183423
dtlz2_interval,lu,mopso,spread,0.0,5000,13,100,109,0,False,2.824274967534379
dtlz2_interval,lu,mopso,hypervolume,0.0,5000,13,100,109,0,False,241.58754003880816
dtlz2_interval,lu,mopso,spread,0.0,5000,14,100,109,0,False,2.9157064671607493
dtlz2_interval,lu,mopso,hypervolume,0.0,5000,14,100,109,0,False,242.12826633037326
dtlz2_interval,lu,mopso,spread,0.0,5000,15,100,115,0,False,3.038736146160712
dtlz2_interval,lu,mopso,hypervolume,0.0,5000,15,100,115,0,False,241.82580369159479
dtlz2_interval,ls,random_search,spread,0.0,5000,11,100,159,0,False,3.554415235038158
dtlz2_interval,ls,random_search,spread,0.0,5000,12,100,172,0,False,3.1093294914675216
dtlz2_interval,ls,random_search,spread,0.0,5000,13,100,150,0,False,3.249299992052498
dtlz2_interval,ls,random_search,spread,0.0,5000,14,100,146,0,False,3.8486513736632775
dtlz2_interval,ls,random_search,spread,0.0,5000,15,100,128,0,False,3.5924811042830913
dtlz2_interval,ls,nsga2,spread,0.0,5000,11,100,100,0,False,1.8041071397192414
dtlz2_interval,ls,nsga2,spread,0.0,5000,12,100,100,0,False,1.841030447483096
dtlz2_interval,ls,nsga2,spread,0.0,5000,13,100,100,0,False,1.8932680293993112
dtlz2_interval,ls,nsga2,spread,0.0,5000,14,100,100,0,False,1.974747021948538
dtlz2_interval,ls,nsga2,spread,0.0,5000,15,100,100,0,False,1.8190452101972168
dtlz2_interval,ls,mopso,spread,0.0,5000,11,100,123,0,False,2.0998675610423634
dtlz2_interval,ls,mopso,spread,0.0,5000,12,100,107,0,False,2.067452517128901
dtlz2_interval,ls,mopso,spread,0.0,5000,13,100,109,0,False,1.9970639814789755
dtlz2_interval,ls,mopso,spread,0.0,5000,14,100,109,0,False,2.0617158148788377
dtlz2_interval,ls,mopso,spread,0.0,5000,15,100,115,0,False,2.1487109351869154
dtlz2_interval,cw,random_search,spread,0.0,5000,11,100,159,0,False,3.554415235038158
dtlz2_interval,cw,random_search,spread,0.0,5000,12,100,172,0,False,3.1093294914675216
dtlz2_interval,cw,random_search,spread,0.0,5000,13,100,150,0,False,3.249299992052498
dtlz2_interval,cw,random_search,spread,0.0,5000,14,100,146,0,False,3.8486513736632775
dtlz2_interval,cw,random_search,spread,0.0,5000,15,100,128,0,False,3.5924811042830913
dtlz2_interval,cw,nsga2,spread,0.0,5000,11,100,100,0,False,1.8041071397192414
dtlz2_interval,cw,nsga2,spread,0.0,5000,12,100,100,0,False,1.841030447483096
dtlz2_interval,cw,nsga2,spread,0.0,5000,13,100,100,0,False,1.8932680293993112
dtlz2_interval,cw,nsga2,spread,0.0,5000,14,100,100,0,False,1.974747021948538
dtlz2_interval,cw,nsga2,spread,0.0,5000,15,100,100,0,False,1.8190452101972168
dtlz2_interval,cw,mopso,spread,0.0,5000,11,100,123,0,False,2.0998675610423634
dtlz2_interval,cw,mopso,spread,0.0,5000,12,100,107,0,False,2.067452517128901
dtlz2_interval,cw,mopso,spread,0.0,5000,13,100,109,0,False,1.9970639814789755
dtlz2_interval,cw,mopso,spread,0.0,5000,14,100,109,0,False,2.0617158148788377
dtlz2_interval,cw,mopso,spread,0.0,5000,15,100,115,0,False,2.1487109351869154
dtlz2_interval,lu,random_search,spread,0.05,5000,11,100,313,0,False,5.079252503397181
dtlz2_interval,lu,random_search,hypervolume,0.05,5000,11,100,313,0,False,445.53771864754583
dtlz2_interval,lu,random_search,spread,0.05,5000,12,100,295,0,False,5.363238316080505
dtlz2_interval,lu,random_search,hypervolume,0.05,5000,12,100,295,0,False,451.3394761371246
dtlz2_interval,lu,random_search,spread,0.05,5000,13,100,277,0,False,5.229843290900449
dtlz2_interval,lu,random_search,hypervolume,0.05,5000,13,100,277,0,False,462.55695410175304
dtlz2_interval,lu,random_search,spread,0.05,5000,14,100,278,0,False,5.473834067919353
dtlz2_interval,lu,random_search,hypervolume,0.05,5000,14,100,278,0,False,453.67506703401205
dtlz2_interval,lu,random_search,spread,0.05,5000,15,100,244,0,False,5.6952172712321465
dtlz2_interval,lu,random_search,hypervolume,0.05,5000,15,100,244,0,False,468.03743286746067
dtlz2_interval,lu,nsga2,spread,0.05,5000,11,100,100,0,False,5.923753080387125
dtlz2_interval,lu,nsga2,hypervolume,0.05,5000,11,100,100,0,False,507.2775094898604
dtlz2_interval,lu,nsga2,spread,0.05,5000,12,100,100,0,False,6.036937528539762
dtlz2_interval,lu,nsga2,hypervolume,0.05,5000,12,100,100,0,False,519.507233232059
dtlz2_interval,lu,nsga2,spread,0.05,5000,13,100,100,0,False,5.835149422338298
dtlz2_interval,lu,nsga2,hypervolume,0.05,5000,13,100,100,0,False,510.3968053040453
dtlz2_interval,lu,nsga2,spread,0.05,5000,14,100,100,0,False,6.482072212302659
dtlz2_interval,lu,nsga2,hypervolume,0.05,5000,14,100,100,0,False,491.1287543271663
dtlz2_interval,lu,nsga2,spread,0.05,5000,15,100,100,0,False,5.938032745719019
dtlz2_interval,lu,nsga2,hypervolume,0.05,5000,15,100,100,0,False,498.9467570209242
dtlz2_interval,lu,mopso,spread,0.05,5000,11,100,200,0,False,5.743684865047588
dtlz2_interval,lu,mopso,hypervolume,0.05,5000,11,100,200,0,False,451.49071467733944
dtlz2_interval,lu,mopso,spread,0.05,5000,12,100,200,0,False,6.073833417700117
dtlz2_interval,lu,mopso,hypervolume,0.05,5000,12,100,200,0,False,445.71488212410947
dtlz2_interval,lu,mopso,spread,0.05,5000,13,100,200,0,False,5.811487402044223
dtlz2_interval,lu,mopso,hypervolume,0.05,5000,13,100,200,0,False,455.9052891100137
dtlz2_interval,lu,mopso,spread,0.05,5000,14,100,197,0,False,5.771316444874966
dtlz2_interval,lu,mopso,hypervolume,0.05,5000,14,100,197,0,False,442.3861882412686
dtlz2_interval,lu,mopso,spread,0.05,5000,15,100,200,0,False,5.836489780873165
dtlz2_interval,lu,mopso,hypervolume,0.05,5000,15,100,200,0,False,459.0659911819107
dtlz2_interval,ls,random_search,spread,0.05,5000,11,100,1850,0,False,3.56642127504035
dtlz2_interval,ls,random_search,hypervolume,0.05,5000,11,100,1850,0,False,0.03859707431017745
dtlz2_interval,ls,random_search,spread,0.05,5000,12,100,2013,0,False,3.5381208323895112
dtlz2_interval,ls,random_search,hypervolume,0.05,5000,12,100,2013,0,False,0.03567756335034234
dtlz2_interval,ls,random_search,spread,0.05,5000,13,100,1968,0,False,3.6662865237121154
dtlz2_interval,ls,random_search,hypervolume,0.05,5000,13,100,1968,0,False,0.037740291739418216
dtlz2_interval,ls,random_search,spread,0.05,5000,14,100,1907,0,False,3.9030449557969296
dtlz2_interval,ls,random_search,hypervolume,0.05,5000,14,100,1907,0,False,0.03927292249353112
dtlz2_interval,ls,random_search,spread,0.05,5000,15,100,1954,0,False,3.676264018720448
dtlz2_interval,ls,random_search,hypervolume,0.05,5000,15,100,1954,0,False,0.036650267078548356
dtlz2_interval,ls,nsga2,spread,0.05,5000,11,100,100,0,False,5.389344247708427
dtlz2_interval,ls,nsga2,hypervolume,0.05,5000,11,100,100,0,False,0.03728729040080361
dtlz2_interval,ls,nsga2,spread,0.05,5000,12,100,100,0,False,4.5679559392277636
dtlz2_interval,ls,nsga2,hypervolume,0.05,5000,12,100,100,0,False,0.039722063904245576
dtlz2_interval,ls,nsga2,spread,0.05,5000,13,100,100,0,False,5.191219470959539
dtlz2_interval,ls,nsga2,hypervolume,0.05,5000,13,100,100,0,False,0.037520723623128735
dtlz2_interval,ls,nsga2,spread,0.05,5000,14,100,100,0,False,4.98608498496939
dtlz2_interval,ls,nsga2,hypervolume,0.05,5000,14,100,100,0,False,0.03760767470826927
dtlz2_interval,ls,nsga2,spread,0.05,5000,15,100,100,0,False,4.887715855934505
dtlz2_interval,ls,nsga2,hypervolume,0.05,5000,15,100,100,0,False,0.0381074215387735
dtlz2_interval,ls,mopso,spread,0.05,5000,11,100,200,0,False,4.309770044777041
dtlz2_interval,ls,mopso,hypervolume,0.05,5000,11,100,200,0,False,0.04268731445856042
dtlz2_interval,ls,mopso,spread,0.05,5000,12,100,200,0,False,4.235499576997404
dtlz2_interval,ls,mopso,hypervolume,0.05,5000,12,100,200,0,False,0.039728906786869134
dtlz2_interval,ls,mopso,spread,0.05,5000,13,100,200,0,False,4.0527703097391425
dtlz2_interval,ls,mopso,hypervolume,0.05,5000,13,100,200,0,False,0.04100553089422524
dtlz2_interval,ls,mopso,spread,0.05,5000,14,100,200,0,False,3.975986246194521
dtlz2_interval,ls,mopso,hypervolume,0.05,5000,14,100,200,0,False,0.040458151238010644
dtlz2_interval,ls,mopso,spread,0.05,5000,15,100,200,0,False,3.9806240254973413
dtlz2_interval,ls,mopso,hypervolume,0.05,5000,15,100,200,0,False,0.04017924523646375
dtlz2_interval,cw,random_search,spread,0.05,5000,11,100,1702,0,False,3.897089877372495
dtlz2_interval,cw,random_search,hypervolume,0.05,5000,11,100,1702,0,False,0.0037552230620575265
dtlz2_interval,cw,random_search,spread,0.05,5000,12,100,1857,0,False,3.6203648423803276
dtlz2_interval,cw,random_search,hypervolume,0.05,5000,12,100,1857,0,False,0.0034688203822521636
dtlz2_interval,cw,random_search,spread,0.05,5000,13,100,1838,0,False,3.453508088703638
dtlz2_interval,cw,random_search,hypervolume,0.05,5000,13,100,1838,0,False,0.0036364969007546327
dtlz2_interval,cw,random_search,spread,0.05,5000,14,100,1743,0,False,3.563569792893757
dtlz2_interval,cw,random_search,hypervolume,0.05,5000,14,100,1743,0,False,0.0036327280059005092
dtlz2_interval,cw,random_search,spread,0.05,5000,15,100,1813,0,False,3.52627731410135
dtlz2_interval,cw,random_search,hypervolume,0.05,5000,15,100,1813,0,False,0.0037097102070030863
dtlz2_interval,cw,nsga2,spread,0.05,5000,11,100,100,0,False,4.915986599022507
dtlz2_interval,cw,nsga2,hypervolume,0.05,5000,11,100,100,0,False,0.0038742808311743497
dtlz2_interval,cw,nsga2,spread,0.05,5000,12,100,100,0,False,4.664102120594515
dtlz2_interval,cw,nsga2,hypervolume,0.05,5000,12,100,100,0,False,0.0034802460555335814
dtlz2_interval,cw,nsga2,spread,0.05,5000,13,100,100,0,False,4.626891081791588
dtlz2_interval,cw,nsga2,hypervolume,0.05,5000,13,100,100,0,False,0.003670473020870019
dtlz2_interval,cw,nsga2,spread,0.05,5000,14,100,100,0,False,4.826648074763772
dtlz2_interval,cw,nsga2,hypervolume,0.05,5000,14,100,100,0,False,0.0035303116836976436
dtlz2_interval,cw,nsga2,spread,0.05,5000,15,100,100,0,False,4.650279513029598
dtlz2_interval,cw,nsga2,hypervolume,0.05,5000,15,100,100,0,False,0.0037336827620000966
dtlz2_interval,cw,mopso,spread,0.05,5000,11,100,200,0,False,3.959107853097179
dtlz2_interval,cw,mopso,hypervolume,0.05,5000,11,100,200,0,False,0.004035262666513053
dtlz2_interval,cw,mopso,spread,0.05,5000,12,100,200,0,False,3.692173454854197
dtlz2_interval,cw,mopso,hypervolume,0.05,5000,12,100,200,0,False,0.0036792610861937996
dtlz2_interval,cw,mopso,spread,0.05,5000,13,100,200,0,False,3.9399573482455574
dtlz2_interval,cw,mopso,hypervolume,0.05,5000,13,100,200,0,False,0.003536345060253495
dtlz2_interval,cw,mopso,spread,0.05,5000,14,100,200,0,False,3.8526654990392135
dtlz2_interval,cw,mopso,hypervolume,0.05,5000,14,100,200,0,False,0.003551187743791474
dtlz2_interval,cw,mopso,spread,0.05,5000,15,100,200,0,False,4.331074351372586
dtlz2_interval,cw,mopso,hypervolume,0.05,5000,15,100,200,0,False,0.003995223028781
dtlz2_interval,lu,random_search,spread,0.1,5000,11,100,420,0,False,5.354090553778433
dtlz2_interval,lu,random_search,hypervolume,0.1,5000,11,100,420,0,False,982.3510156596385
dtlz2_interval,lu,random_search,spread,0.1,5000,12,100,384,0,False,5.475304515532807
dtlz2_interval,lu,random_search,hypervolume,0.1,5000,12,100,384,0,False,999.1209917019232
dtlz2_interval,lu,random_search,spread,0.1,5000,13,100,351,0,False,5.235321035192335
dtlz2_interval,lu,random_search,hypervolume,0.1,5000,13,100,351,0,False,999.2007354093741
dtlz2_interval,lu,random_search,spread,0.1,5000,14,100,348,0,False,5.543320415555086
dtlz2_interval,lu,random_search,hypervolume,0.1,5000,14,100,348,0,False,1008.092804385974
dtlz2_interval,lu,random_search,spread,0.1,5000,15,100,331,0,False,5.441622663285555
dtlz2_interval,lu,random_search,hypervolume,0.1,5000,15,100,331,0,False,1009.6773947140182
dtlz2_interval,lu,random_search,spread,0.1,20000,11,100,822,0,False,5.504193278265915
dtlz2_interval,lu,random_search,hypervolume,0.1,20000,11,100,822,0,False,991.3824240312921
dtlz2_interval,lu,random_search,spread,0.1,20000,12,100,805,0,False,5.121802787383215
dtlz2_interval,lu,random_search,hypervolume,0.1,20000,12,100,805,0,False,1034.9825894666599
dtlz2_interval,lu,random_search,spread,0.1,20000,13,100,774,0,False,5.566381250618138
dtlz2_interval,lu,random_search,hypervolume,0.1,20000,13,100,774,0,False,1020.847147589091
dtlz2_interval,lu,random_search,spread,0.1,20000,14,100,757,0,False,5.651279147503199
dtlz2_interval,lu,random_search,hypervolume,0.1,20000,14,100,757,0,False,1032.537605697567
dtlz2_interval,lu,random_search,spread,0.1,20000,15,100,746,0,False,5.367917769648402
dtlz2_interval,lu,random_search,hypervolume,0.1,20000,15,100,746,0,False,1039.1048229993837
dtlz2_interval,lu,nsga2,spread,0.1,5000,11,100,100,0,False,6.124889673792022
dtlz2_interval,lu,nsga2,hypervolume,0.1,5000,11,100,100,0,False,1103.2263093235445
dtlz2_interval,lu,nsga2,spread,0.1,5000,12,100,100,0,False,6.193482297921055
dtlz2_interval,lu,nsga2,hypervolume,0.1,5000,12,100,100,0,False,1092.6898635011823
dtlz2_interval,lu,nsga2,spread,0.1,5000,13,100,100,0,False,5.700324746746618
dtlz2_interval,lu,nsga2,hypervolume,0.1,5000,13,100,100,0,False,1096.1812016705474
dtlz2_interval,lu,nsga2,spread,0.1,5000,14,100,100,0,False,6.072379874522743
dtlz2_interval,lu,nsga2,hypervolume,0.1,5000,14,100,100,0,False,1110.7218984947554
dtlz2_interval,lu,nsga2,spread,0.1,5000,15,100,100,0,False,5.883442495634827
dtlz2_interval,lu,nsga2,hypervolume,0.1,5000,15,100,100,0,False,1094.9515325318507
dtlz2_interval,lu,nsga2,spread,0.1,20000,11,100,100,0,False,7.302227528842415
dtlz2_interval,lu,nsga2,hypervolume,0.1,20000,11,100,100,0,False,1069.4026911961123
dtlz2_interval,lu,nsga2,spread,0.1,20000,12,100,100,0,False,7.427459812765209
dtlz2_interval,lu,nsga2,hypervolume,0.1,20000,12,100,100,0,False,1106.081207733653
dtlz2_interval,lu,nsga2,spread,0.1,20000,13,100,100,0,False,6.308794389008485
dtlz2_interval,lu,nsga2,hypervolume,0.1,20000,13,100,100,0,False,1134.0279997132393
dtlz2_interval,lu,nsga2,spread,0.1,20000,14,100,100,0,False,6.758291694768559
dtlz2_interval,lu,nsga2,hypervolume,0.1,20000,14,100,100,0,False,1088.969494588445
dtlz2_interval,lu,nsga2,spread,0.1,20000,15,100,100,0,False,6.692103301127632
dtlz2_interval,lu,nsga2,hypervolume,0.1,20000,15,100,100,0,False,1088.1210182181728
dtlz2_interval,lu,mopso,spread,0.1,5000,11,100,200,0,False,6.010897488011752
dtlz2_interval,lu,mopso,hypervolume,0.1,5000,11,100,200,0,False,999.254028402409
dtlz2_interval,lu,mopso,spread,0.1,5000,12,100,198,0,False,5.80370040116163
dtlz2_interval,lu,mopso,hypervolume,0.1,5000,12,100,198,0,False,1013.8089801991026
dtlz2_interval,lu,mopso,spread,0.1,5000,13,100,200,0,False,6.096537392868243
dtlz2_interval,lu,mopso,hypervolume,0.1,5000,13,100,200,0,False,1014.1206556931413
dtlz2_interval,lu,mopso,spread,0.1,5000,14,100,200,0,False,5.9687808199378996
dtlz2_interval,lu,mopso,hypervolume,0.1,5000,14,100,200,0,False,1031.7073536669152
dtlz2_interval,lu,mopso,spread,0.1,5000,15,100,200,0,False,6.362935272019298
dtlz2_interval,lu,mopso,hypervolume,0.1,5000,15,100,200,0,False,1006.3570374188062
dtlz2_interval,lu,mopso,spread,0.1,20000,11,100,195,0,False,6.47449012612043
dtlz2_interval,lu,mopso,hypervolume,0.1,20000,11,100,195,0,False,1053.5913121388191
dtlz2_interval,lu,mopso,spread,0.1,20000,12,100,200,0,False,5.48247366515619
dtlz2_interval,lu,mopso,hypervolume,0.1,20000,12,100,200,0,False,1014.7999826871811
dtlz2_interval,lu,mopso,spread,0.1,20000,13,100,200,0,False,5.5170482359491615
dtlz2_interval,lu,mopso,hypervolume,0.1,20000,13,100,200,0,False,1033.933992588023
dtlz2_interval,lu,mopso,spread,0.1,20000,14,100,200,0,False,5.639295311658254
dtlz2_interval,lu,mopso,hypervolume,0.1,20000,14,100,200,0,False,1020.375839505105
dtlz2_interval,lu,mopso,spread,0.1,20000,15,100,200,0,False,5.611607086198984
dtlz2_interval,lu,mopso,hypervolume,0.1,20000,15,100,200,0,False,1014.081091040302
dtlz2_interval,ls,random_search,spread,0.1,5000,11,100,1972,0,False,3.879004471040976
dtlz2_interval,ls,random_search,hypervolume,0.1,5000,11,100,1972,0,False,0.34523082132643024
dtlz2_interval,ls,random_search,spread,0.1,5000,12,100,2128,0,False,3.660096180209439
dtlz2_interval,ls,random_search,hypervolume,0.1,5000,12,100,2128,0,False,0.3173439076067248
dtlz2_interval,ls,random_search,spread,0.1,5000,13,100,2084,0,False,3.697824955666314
dtlz2_interval,ls,random_search,hypervolume,0.1,5000,13,100,2084,0,False,0.3402907148469102
dtlz2_interval,ls,random_search,spread,0.1,5000,14,100,2046,0,False,3.6365383338730037
dtlz2_interval,ls,random_search,hypervolume,0.1,5000,14,100,2046,0,False,0.3381591512764345
dtlz2_interval,ls,random_search,spread,0.1,5000,15,100,2077,0,False,3.6367673015608886
dtlz2_interval,ls,random_search,hypervolume,0.1,5000,15,100,2077,0,False,0.33700979305538914
dtlz2_interval,ls,random_search,spread,0.1,20000,11,100,5539,0,False,3.7882291517335753
dtlz2_interval,ls,random_search,hypervolume,0.1,20000,11,100,5539,0,False,0.33779080583827187
dtlz2_interval,ls,random_search,spread,0.1,20000,12,100,5640,0,False,3.4240240657954644
dtlz2_interval,ls,random_search,hypervolume,0.1,20000,12,100,5640,0,False,0.3403097884745299
dtlz2_interval,ls,random_search,spread,0.1,20000,13,100,5481,0,False,3.888428699958747
dtlz2_interval,ls,random_search,hypervolume,0.1,20000,13,100,5481,0,False,0.35588614739257035
dtlz2_interval,ls,random_search,spread,0.1,20000,14,100,5344,0,False,3.893697287604834
dtlz2_interval,ls,random_search,hypervolume,0.1,20000,14,100,5344,0,False,0.3648422924307008
dtlz2_interval,ls,random_search,spread,0.1,20000,15,100,5521,0,False,3.8036130650303814
dtlz2_interval,ls,random_search,hypervolume,0.1,20000,15,100,5521,0,False,0.35173514103910586
dtlz2_interval,ls,nsga2,spread,0.1,5000,11,100,100,0,False,5.108262516091991
dtlz2_interval,ls,nsga2,hypervolume,0.1,5000,11,100,100,0,False,0.33474688903094313
dtlz2_interval,ls,nsga2,spread,0.1,5000,12,100,100,0,False,5.159844331550098
dtlz2_interval,ls,nsga2,hypervolume,0.1,5000,12,100,100,0,False,0.34329773115180146
dtlz2_interval,ls,nsga2,spread,0.1,5000,13,100,100,0,False,4.889329674501235
dtlz2_interval,ls,nsga2,hypervolume,0.1,5000,13,100,100,0,False,0.3526466950051339
dtlz2_interval,ls,nsga2,spread,0.1,5000,14,100,100,0,False,5.04920377875855
dtlz2_interval,ls,nsga2,hypervolume,0.1,5000,14,100,100,0,False,0.3300011504728708
dtlz2_interval,ls,nsga2,spread,0.1,5000,15,100,100,0,False,4.844620323079968
dtlz2_interval,ls,nsga2,hypervolume,0.1,5000,15,100,100,0,False,0.3661457164341361
dtlz2_interval,ls,nsga2,spread,0.1,20000,11,100,100,0,False,5.140048751280282
dtlz2_interval,ls,nsga2,hypervolume,0.1,20000,11,100,100,0,False,0.34013573199380337
dtlz2_interval,ls,nsga2,spread,0.1,20000,12,100,100,0,False,5.495534977982595
dtlz2_interval,ls,nsga2,hypervolume,0.1,20000,12,100,100,0,False,0.3577003340743305
dtlz2_interval,ls,nsga2,spread,0.1,20000,13,100,100,0,False,5.669346027405326
dtlz2_interval,ls,nsga2,hypervolume,0.1,20000,13,100,100,0,False,0.3573541397600795
dtlz2_interval,ls,nsga2,spread,0.1,20000,14,100,100,0,False,5.438532912831627
dtlz2_interval,ls,nsga2,hypervolume,0.1,20000,14,100,100,0,False,0.33554052192460454
dtlz2_interval,ls,nsga2,spread,0.1,20000,15,100,100,0,False,5.184703211183371
dtlz2_interval,ls,nsga2,hypervolume,0.1,20000,15,100,100,0,False,0.37758024785790784
dtlz2_interval,ls,mopso,spread,0.1,5000,11,100,200,0,False,4.105837476318614
dtlz2_interval,ls,mopso,hypervolume,0.1,5000,11,100,200,0,False,0.35835257986298297
dtlz2_interval,ls,mopso,spread,0.1,5000,12,100,200,0,False,4.144781826202584
dtlz2_interval,ls,mopso,hypervolume,0.1,5000,12,100,200,0,False,0.33348401789078636
dtlz2_interval,ls,mopso,spread,0.1,5000,13,100,200,0,False,4.098021657694913
dtlz2_interval,ls,mopso,hypervolume,0.1,5000,13,100,200,0,False,0.3461171654470202
dtlz2_interval,ls,mopso,spread,0.1,5000,14,100,200,0,False,4.345910627243574
dtlz2_interval,ls,mopso,hypervolume,0.1,5000,14,100,200,0,False,0.36286091707544765
dtlz2_interval,ls,mopso,spread,0.1,5000,15,100,200,0,False,4.23082601609781
dtlz2_interval,ls,mopso,hypervolume,0.1,5000,15,100,200,0,False,0.3270348271499401
dtlz2_interval,ls,mopso,spread,0.1,20000,11,100,200,0,False,4.030274652944037
dtlz2_interval,ls,mopso,hypervolume,0.1,20000,11,100,200,0,False,0.35986731828098545
dtlz2_interval,ls,mopso,spread,0.1,20000,12,100,200,0,False,4.160071583980592
dtlz2_interval,ls,mopso,hypervolume,0.1,20000,12,100,200,0,False,0.3655602233626734
dtlz2_interval,ls,mopso,spread,0.1,20000,13,100,200,0,False,4.202574882775424
dtlz2_interval,ls,mopso,hypervolume,0.1,20000,13,100,200,0,False,0.35307882616001546
dtlz2_interval,ls,mopso,spread,0.1,20000,14,100,200,0,False,4.159323329576317
dtlz2_interval,ls,mopso,hypervolume,0.1,20000,14,100,200,0,False,0.37909020198808674
dtlz2_interval,ls,mopso,spread,0.1,20000,15,100,200,0,False,4.212591383909519
dtlz2_interval,ls,mopso,hypervolume,0.1,20000,15,100,200,0,False,0.36051858520796887
dtlz2_interval,cw,random_search,spread,0.1,5000,11,100,1702,0,False,3.8998323859050843
dtlz2_interval,cw,random_search,hypervolume,0.1,5000,11,100,1702,0,False,0.03664061608840238
dtlz2_interval,cw,random_search,spread,0.1,5000,12,100,1857,0,False,3.623086788559931
dtlz2_interval,cw,random_search,hypervolume,0.1,5000,12,100,1857,0,False,0.03392640274451072
dtlz2_interval,cw,random_search,spread,0.1,5000,13,100,1838,0,False,3.4564787700251185
dtlz2_interval,cw,random_search,hypervolume,0.1,5000,13,100,1838,0,False,0.03541054874431167
dtlz2_interval,cw,random_search,spread,0.1,5000,14,100,1743,0,False,3.566338820358918
dtlz2_interval,cw,random_search,hypervolume,0.1,5000,14,100,1743,0,False,0.035566872176969626
dtlz2_interval,cw,random_search,spread,0.1,5000,15,100,1813,0,False,3.5292797384045858
dtlz2_interval,cw,random_search,hypervolume,0.1,5000,15,100,1813,0,False,0.036087777256952606
dtlz2_interval,cw,random_search,spread,0.1,20000,11,100,4548,0,False,3.6774374986665626
dtlz2_interval,cw,random_search,hypervolume,0.1,20000,11,100,4548,0,False,0.037196425997866475
dtlz2_interval,cw,random_search,spread,0.1,20000,12,100,4678,0,False,3.7644763600269457
dtlz2_interval,cw,random_search,hypervolume,0.1,20000,12,100,4678,0,False,0.03792115724110722
dtlz2_interval,cw,random_search,spread,0.1,20000,13,100,4563,0,False,3.7131416105452337
dtlz2_interval,cw,random_search,hypervolume,0.1,20000,13,100,4563,0,False,0.037786846218132164
dtlz2_interval,cw,random_search,spread,0.1,20000,14,100,4343,0,False,3.766351241304228
dtlz2_interval,cw,random_search,hypervolume,0.1,20000,14,100,4343,0,False,0.03794697869399278
dtlz2_interval,cw,random_search,spread,0.1,20000,15,100,4565,0,False,3.6386413926052295
dtlz2_interval,cw,random_search,hypervolume,0.1,20000,15,100,4565,0,False,0.036973843718100134
dtlz2_interval,cw,nsga2,spread,0.1,5000,11,100,100,0,False,4.918252686519523
dtlz2_interval,cw,nsga2,hypervolume,0.1,5000,11,100,100,0,False,0.03789856352475081
dtlz2_interval,cw,nsga2,spread,0.1,5000,12,100,100,0,False,4.666495334373726
dtlz2_interval,cw,nsga2,hypervolume,0.1,5000,12,100,100,0,False,0.03468097136158574
dtlz2_interval,cw,nsga2,spread,0.1,5000,13,100,100,0,False,4.629196167749808
dtlz2_interval,cw,nsga2,hypervolume,0.1,5000,13,100,100,0,False,0.03601544783283202
dtlz2_interval,cw,nsga2,spread,0.1,5000,14,100,100,0,False,4.82896886967487
dtlz2_interval,cw,nsga2,hypervolume,0.1,5000,14,100,100,0,False,0.03492299405396472
dtlz2_interval,cw,nsga2,spread,0.1,5000,15,100,100,0,False,4.652691835889162
dtlz2_interval,cw,nsga2,hypervolume,0.1,5000,15,100,100,0,False,0.036696299019918055
dtlz2_interval,cw,nsga2,spread,0.1,20000,11,100,100,0,False,4.81327798424326
dtlz2_interval,cw,nsga2,hypervolume,0.1,20000,11,100,100,0,False,0.04083224390873386
dtlz2_interval,cw,nsga2,spread,0.1,20000,12,100,100,0,False,4.662469638645528
dtlz2_interval,cw,nsga2,hypervolume,0.1,20000,12,100,100,0,False,0.03982975361653095
dtlz2_interval,cw,nsga2,spread,0.1,20000,13,100,100,0,False,5.113463853668534
dtlz2_interval,cw,nsga2,hypervolume,0.1,20000,13,100,100,0,False,0.039842527919727595
dtlz2_interval,cw,nsga2,spread,0.1,20000,14,100,100,0,False,4.897687133926021
dtlz2_interval,cw,nsga2,hypervolume,0.1,20000,14,100,100,0,False,0.0400449925998357
dtlz2_interval,cw,nsga2,spread,0.1,20000,15,100,100,0,False,4.932406623211554
dtlz2_interval,cw,nsga2,hypervolume,0.1,20000,15,100,100,0,False,0.04121534214080156
dtlz2_interval,cw,mopso,spread,0.1,5000,11,100,200,0,False,3.9617951765589217
dtlz2_interval,cw,mopso,hypervolume,0.1,5000,11,100,200,0,False,0.039325077494485966
dtlz2_interval,cw,mopso,spread,0.1,5000,12,100,200,0,False,3.6952050299349635
dtlz2_interval,cw,mopso,hypervolume,0.1,5000,12,100,200,0,False,0.036000037074068375
dtlz2_interval,cw,mopso,spread,0.1,5000,13,100,200,0,False,3.942811675187412
dtlz2_interval,cw,mopso,hypervolume,0.1,5000,13,100,200,0,False,0.03465314845182046
dtlz2_interval,cw,mopso,spread,0.1,5000,14,100,200,0,False,3.8554995151577764
dtlz2_interval,cw,mopso,hypervolume,0.1,5000,14,100,200,0,False,0.03482494030671793
dtlz2_interval,cw,mopso,spread,0.1,5000,15,100,200,0,False,4.333605643641363
dtlz2_interval,cw,mopso,hypervolume,0.1,5000,15,100,200,0,False,0.03915830371809221
dtlz2_interval,cw,mopso,spread,0.1,20000,11,100,200,0,False,3.9836474089926517
dtlz2_interval,cw,mopso,hypervolume,0.1,20000,11,100,200,0,False,0.03900208090643806
dtlz2_interval,cw,mopso,spread,0.1,20000,12,100,200,0,False,3.7652786137966676
dtlz2_interval,cw,mopso,hypervolume,0.1,20000,12,100,200,0,False,0.04112848722607832
dtlz2_interval,cw,mopso,spread,0.1,20000,13,100,200,0,False,4.180161472191623
dtlz2_interval,cw,mopso,hypervolume,0.1,20000,13,100,200,0,False,0.03818517575557916
dtlz2_interval,cw,mopso,spread,0.1,20000,14,100,200,0,False,3.8996871887409914
dtlz2_interval,cw,mopso,hypervolume,0.1,20000,14,100,200,0,False,0.04159591586185706
dtlz2_interval,cw,mopso,spread,0.1,20000,15,100,200,0,False,4.030460112395338
dtlz2_interval,cw,mopso,hypervolume,0.1,20000,15,100,200,0,False,0.040868897197232454
dtlz2_interval,lu,random_search,spread,0.25,5000,11,100,678,0,False,5.586600156235798
dtlz2_interval,lu,random_search,hypervolume,0.25,5000,11,100,678,0,False,1038.3871746116183
dtlz2_interval,lu,random_search,spread,0.25,5000,12,100,609,0,False,5.200257904316554
dtlz2_interval,lu,random_search,hypervolume,0.25,5000,12,100,609,0,False,1045.4216254933053
dtlz2_interval,lu,random_search,spread,0.25,5000,13,100,575,0,False,5.2620165222508595
dtlz2_interval,lu,random_search,hypervolume,0.25,5000,13,100,575,0,False,1068.5463379984515
dtlz2_interval,lu,random_search,spread,0.25,5000,14,100,557,0,False,5.956927645987552
dtlz2_interval,lu,random_search,hypervolume,0.25,5000,14,100,557,0,False,1057.6405491528865
dtlz2_interval,lu,random_search,spread,0.25,5000,15,100,551,0,False,5.850277355698175
dtlz2_interval,lu,random_search,hypervolume,0.25,5000,15,100,551,0,False,1053.601823863069
dtlz2_interval,lu,nsga2,spread,0.25,5000,11,100,100,0,False,7.203742898919474
dtlz2_interval,lu,nsga2,hypervolume,0.25,5000,11,100,100,0,False,1028.354315524489
dtlz2_interval,lu,nsga2,spread,0.25,5000,12,100,100,0,False,7.04163073991648
dtlz2_interval,lu,nsga2,hypervolume,0.25,5000,12,100,100,0,False,1091.2239161478828
dtlz2_interval,lu,nsga2,spread,0.25,5000,13,100,100,0,False,7.035202687928885
dtlz2_interval,lu,nsga2,hypervolume,0.25,5000,13,100,100,0,False,1106.5003335560004
dtlz2_interval,lu,nsga2,spread,0.25,5000,14,100,100,0,False,6.790414623681739
dtlz2_interval,lu,nsga2,hypervolume,0.25,5000,14,100,100,0,False,1157.311657223478
dtlz2_interval,lu,nsga2,spread,0.25,5000,15,100,100,0,False,7.483499340973614
dtlz2_interval,lu,nsga2,hypervolume,0.25,5000,15,100,100,0,False,1075.657993918669
dtlz2_interval,lu,mopso,spread,0.25,5000,11,100,200,0,False,6.308396041819149
dtlz2_interval,lu,mopso,hypervolume,0.25,5000,11,100,200,0,False,1098.9294447927048
dtlz2_interval,lu,mopso,spread,0.25,5000,12,100,200,0,False,6.2901884311819
dtlz2_interval,lu,mopso,hypervolume,0.25,5000,12,100,200,0,False,1064.1983447743194
dtlz2_interval,lu,mopso,spread,0.25,5000,13,100,200,0,False,5.62019643468145
dtlz2_interval,lu,mopso,hypervolume,0.25,5000,13,100,200,0,False,1090.0545700846806
dtlz2_interval,lu,mopso,spread,0.25,5000,14,100,200,0,False,6.079846632703193
dtlz2_interval,lu,mopso,hypervolume,0.25,5000,14,100,200,0,False,1085.3228218298595
dtlz2_interval,lu,mopso,spread,0.25,5000,15,100,200,0,False,6.170997220568456
dtlz2_interval,lu,mopso,hypervolume,0.25,5000,15,100,200,0,False,1104.3627294430116
dtlz2_interval,ls,random_search,spread,0.25,5000,11,100,2316,0,False,4.017936006437225
dtlz2_interval,ls,random_search,hypervolume,0.25,5000,11,100,2316,0,False,4.670908126949815
dtlz2_interval,ls,random_search,spread,0.25,5000,12,100,2469,0,False,4.022631977908979
dtlz2_interval,ls,random_search,hypervolume,0.25,5000,12,100,2469,0,False,4.51976835108268
dtlz2_interval,ls,random_search,spread,0.25,5000,13,100,2393,0,False,3.728949442649963
dtlz2_interval,ls,random_search,hypervolume,0.25,5000,13,100,2393,0,False,4.61591319043727
dtlz2_interval,ls,random_search,spread,0.25,5000,14,100,2378,0,False,4.136265879038285
dtlz2_interval,ls,random_search,hypervolume,0.25,5000,14,100,2378,0,False,4.39605398965213
dtlz2_interval,ls,random_search,spread,0.25,5000,15,100,2380,0,False,3.8618770352656755
dtlz2_interval,ls,random_search,hypervolume,0.25,5000,15,100,2380,0,False,4.759779848069539
dtlz2_interval,ls,nsga2,spread,0.25,5000,11,100,100,0,False,5.472874067759526
dtlz2_interval,ls,nsga2,hypervolume,0.25,5000,11,100,100,0,False,4.780607393077734
dtlz2_interval,ls,nsga2,spread,0.25,5000,12,100,100,0,False,5.385294615370673
dtlz2_interval,ls,nsga2,hypervolume,0.25,5000,12,100,100,0,False,4.571790031455347
dtlz2_interval,ls,nsga2,spread,0.25,5000,13,100,100,0,False,5.568213917130995
dtlz2_interval,ls,nsga2,hypervolume,0.25,5000,13,100,100,0,False,4.591122341047111
dtlz2_interval,ls,nsga2,spread,0.25,5000,14,100,100,0,False,5.3952753425852915
dtlz2_interval,ls,nsga2,hypervolume,0.25,5000,14,100,100,0,False,4.593232819032013
dtlz2_interval,ls,nsga2,spread,0.25,5000,15,100,100,0,False,5.3286196257506315
dtlz2_interval,ls,nsga2,hypervolume,0.25,5000,15,100,100,0,False,4.919906383861011
dtlz2_interval,ls,mopso,spread,0.25,5000,11,100,200,0,False,4.6495513560754755
dtlz2_interval,ls,mopso,hypervolume,0.25,5000,11,100,200,0,False,5.010394454273193
dtlz2_interval,ls,mopso,spread,0.25,5000,12,100,200,0,False,4.5076611711195635
dtlz2_interval,ls,mopso,hypervolume,0.25,5000,12,100,200,0,False,5.028072611774878
dtlz2_interval,ls,mopso,spread,0.25,5000,13,100,200,0,False,4.166796531352065
dtlz2_interval,ls,mopso,hypervolume,0.25,5000,13,100,200,0,False,4.488165592311521
dtlz2_interval,ls,mopso,spread,0.25,5000,14,100,200,0,False,4.657414341306952
dtlz2_interval,ls,mopso,hypervolume,0.25,5000,14,100,200,0,False,4.426671489684882
dtlz2_interval,ls,mopso,spread,0.25,5000,15,100,200,0,False,4.1254325560307965
dtlz2_interval,ls,mopso,hypervolume,0.25,5000,15,100,200,0,False,4.606696563152355
dtlz2_interval,cw,random_search,spread,0.25,5000,11,100,1702,0,False,3.9189762080164456
dtlz2_interval,cw,random_search,hypervolume,0.25,5000,11,100,1702,0,False,0.45016750599988514
dtlz2_interval,cw,random_search,spread,0.25,5000,12,100,1857,0,False,3.642083452626447
dtlz2_interval,cw,random_search,hypervolume,0.25,5000,12,100,1857,0,False,0.4161252799591453
dtlz2_interval,cw,random_search,spread,0.25,5000,13,100,1838,0,False,3.47720247755069
dtlz2_interval,cw,random_search,hypervolume,0.25,5000,13,100,1838,0,False,0.43693435659610463
dtlz2_interval,cw,random_search,spread,0.25,5000,14,100,1743,0,False,3.585662138436683
dtlz2_interval,cw,random_search,hypervolume,0.25,5000,14,100,1743,0,False,0.43593885577719566
dtlz2_interval,cw,random_search,spread,0.25,5000,15,100,1813,0,False,3.550225613068034
dtlz2_interval,cw,random_search,hypervolume,0.25,5000,15,100,1813,0,False,0.4457935536271369
dtlz2_interval,cw,nsga2,spread,0.25,5000,11,100,100,0,False,4.934086158071211
dtlz2_interval,cw,nsga2,hypervolume,0.25,5000,11,100,100,0,False,0.4643403863871987
dtlz2_interval,cw,nsga2,spread,0.25,5000,12,100,100,0,False,4.683213587539465
dtlz2_interval,cw,nsga2,hypervolume,0.25,5000,12,100,100,0,False,0.4162616312097745
dtlz2_interval,cw,nsga2,spread,0.25,5000,13,100,100,0,False,4.645299742399655
dtlz2_interval,cw,nsga2,hypervolume,0.25,5000,13,100,100,0,False,0.43972972978688113
dtlz2_interval,cw,nsga2,spread,0.25,5000,14,100,100,0,False,4.8451833082935165
dtlz2_interval,cw,nsga2,hypervolume,0.25,5000,14,100,100,0,False,0.4209656037041425
dtlz2_interval,cw,nsga2,spread,0.25,5000,15,100,100,0,False,4.6695432017358804
dtlz2_interval,cw,nsga2,hypervolume,0.25,5000,15,100,100,0,False,0.44717206080945204
dtlz2_interval,cw,mopso,spread,0.25,5000,11,100,200,0,False,3.834906827884337
dtlz2_interval,cw,mopso,hypervolume,0.25,5000,11,100,200,0,False,0.4651194315004149
dtlz2_interval,cw,mopso,spread,0.25,5000,12,100,200,0,False,3.7163568129208775
dtlz2_interval,cw,mopso,hypervolume,0.25,5000,12,100,200,0,False,0.44128190756958635
dtlz2_interval,cw,mopso,spread,0.25,5000,13,100,200,0,False,3.8998483193126345
dtlz2_interval,cw,mopso,hypervolume,0.25,5000,13,100,200,0,False,0.4590991887187652
dtlz2_interval,cw,mopso,spread,0.25,5000,14,100,200,0,False,4.098910222379891
dtlz2_interval,cw,mopso,hypervolume,0.25,5000,14,100,200,0,False,0.47774534022965987
dtlz2_interval,cw,mopso,spread,0.25,5000,15,100,200,0,False,4.164465101894865
dtlz2_interval,cw,mopso,hypervolume,0.25,5000,15,100,200,0,False,0.45332928708374753
dtlz2_interval,lu,random_search,spread,0.5,5000,11,100,1114,0,False,6.093217659421783
dtlz2_interval,lu,random_search,hypervolume,0.5,5000,11,100,1114,0,False,1948.3863906741399
dtlz2_interval,lu,random_search,spread,0.5,5000,12,100,1026,0,False,5.979393788247689
dtlz2_interval,lu,random_search,hypervolume,0.5,5000,12,100,1026,0,False,1956.6896320389642
dtlz2_interval,lu,random_search,spread,0.5,5000,13,100,941,0,False,6.097492886075239
dtlz2_interval,lu,random_search,hypervolume,0.5,5000,13,100,941,0,False,1994.4461310163597
dtlz2_interval,lu,random_search,spread,0.5,5000,14,100,980,0,False,5.927427741851422
dtlz2_interval,lu,random_search,hypervolume,0.5,5000,14,100,980,0,False,2013.0857130101263
dtlz2_interval,lu,random_search,spread,0.5,5000,15,100,948,0,False,6.073647032508
dtlz2_interval,lu,random_search,hypervolume,0.5,5000,15,100,948,0,False,2020.0135744509162
dtlz2_interval,lu,nsga2,spread,0.5,5000,11,100,100,0,False,8.028874618238282
dtlz2_interval,lu,nsga2,hypervolume,0.5,5000,11,100,100,0,False,1956.2408990301883
dtlz2_interval,lu,nsga2,spread,0.5,5000,12,100,100,0,False,8.51942931855895
dtlz2_interval,lu,nsga2,hypervolume,0.5,5000,12,100,100,0,False,1878.4735966372955
dtlz2_interval,lu,nsga2,spread,0.5,5000,13,100,100,0,False,7.915479652746488
dtlz2_interval,lu,nsga2,hypervolume,0.5,5000,13,100,100,0,False,1935.993272235416
dtlz2_interval,lu,nsga2,spread,0.5,5000,14,100,100,0,False,8.255177461285431
dtlz2_interval,lu,nsga2,hypervolume,0.5,5000,14,100,100,0,False,1827.2523317104622
dtlz2_interval,lu,nsga2,spread,0.5,5000,15,100,100,0,False,7.995669640408796
dtlz2_interval,lu,nsga2,hypervolume,0.5,5000,15,100,100,0,False,1920.8747573506637
dtlz2_interval,lu,mopso,spread,0.5,5000,11,100,200,0,False,6.656094802398904
dtlz2_interval,lu,mopso,hypervolume,0.5,5000,11,100,200,0,False,2137.979920037555
dtlz2_interval,lu,mopso,spread,0.5,5000,12,100,200,0,False,6.946342648032661
dtlz2_interval,lu,mopso,hypervolume,0.5,5000,12,100,200,0,False,2129.1571635070695
dtlz2_interval,lu,mopso,spread,0.5,5000,13,100,200,0,False,6.613136022518478
dtlz2_interval,lu,mopso,hypervolume,0.5,5000,13,100,200,0,False,2071.275331782246
dtlz2_interval,lu,mopso,spread,0.5,5000,14,100,200,0,False,6.200387743134669
dtlz2_interval,lu,mopso,hypervolume,0.5,5000,14,100,200,0,False,2077.182515033473
dtlz2_interval,lu,mopso,spread,0.5,5000,15,100,200,0,False,6.055732083462721
dtlz2_interval,lu,mopso,hypervolume,0.5,5000,15,100,200,0,False,2105.741430497874
dtlz2_interval,ls,random_search,spread,0.5,5000,11,100,2834,0,False,4.446488463820636
dtlz2_interval,ls,random_search,hypervolume,0.5,5000,11,100,2834,0,False,44.53980876126456
dtlz2_interval,ls,random_search,spread,0.5,5000,12,100,2927,0,False,4.526410868585219
dtlz2_interval,ls,random_search,hypervolume,0.5,5000,12,100,2927,0,False,42.554284767194304
dtlz2_interval,ls,random_search,spread,0.5,5000,13,100,2858,0,False,4.644142231752694
dtlz2_interval,ls,random_search,hypervolume,0.5,5000,13,100,2858,0,False,43.05887509742669
dtlz2_interval,ls,random_search,spread,0.5,5000,14,100,2838,0,False,4.54191189581422
dtlz2_interval,ls,random_search,hypervolume,0.5,5000,14,100,2838,0,False,41.46587063771895
dtlz2_interval,ls,random_search,spread,0.5,5000,15,100,2866,0,False,4.2832016702875455
dtlz2_interval,ls,random_search,hypervolume,0.5,5000,15,100,2866,0,False,44.186557361307884
dtlz2_interval,ls,nsga2,spread,0.5,5000,11,100,100,0,False,5.9004401152748756
dtlz2_interval,ls,nsga2,hypervolume,0.5,5000,11,100,100,0,False,46.687307414060136
dtlz2_interval,ls,nsga2,spread,0.5,5000,12,100,100,0,False,6.259836621526676
dtlz2_interval,ls,nsga2,hypervolume,0.5,5000,12,100,100,0,False,41.3348385673237
dtlz2_interval,ls,nsga2,spread,0.5,5000,13,100,100,0,False,6.162534228704967
dtlz2_interval,ls,nsga2,hypervolume,0.5,5000,13,100,100,0,False,40.96479301920934
dtlz2_interval,ls,nsga2,spread,0.5,5000,14,100,100,0,False,6.2234596199354835
dtlz2_interval,ls,nsga2,hypervolume,0.5,5000,14,100,100,0,False,45.754629054187
dtlz2_interval,ls,nsga2,spread,0.5,5000,15,100,100,0,False,5.945104437543563
dtlz2_interval,ls,nsga2,hypervolume,0.5,5000,15,100,100,0,False,44.631714436722895
dtlz2_interval,ls,mopso,spread,0.5,5000,11,100,200,0,False,5.07479829584302
dtlz2_interval,ls,mopso,hypervolume,0.5,5000,11,100,200,0,False,42.99617178086427
dtlz2_interval,ls,mopso,spread,0.5,5000,12,100,200,0,False,5.224565177509086
dtlz2_interval,ls,mopso,hypervolume,0.5,5000,12,100,200,0,False,49.947076831153
dtlz2_interval,ls,mopso,spread,0.5,5000,13,100,200,0,False,5.36005623306315
dtlz2_interval,ls,mopso,hypervolume,0.5,5000,13,100,200,0,False,41.41207114316885
dtlz2_interval,ls,mopso,spread,0.5,5000,14,100,200,0,False,4.903959014426098
dtlz2_interval,ls,mopso,hypervolume,0.5,5000,14,100,200,0,False,44.536202549146566
dtlz2_interval,ls,mopso,spread,0.5,5000,15,100,200,0,False,4.86175057958351
dtlz2_interval,ls,mopso,hypervolume,0.5,5000,15,100,200,0,False,43.057817814704904
dtlz2_interval,cw,random_search,spread,0.5,5000,11,100,1702,0,False,3.9865966268075477
dtlz2_interval,cw,random_search,hypervolume,0.5,5000,11,100,1702,0,False,3.601340047999081
dtlz2_interval,cw,random_search,spread,0.5,5000,12,100,1857,0,False,3.7091345369566877
dtlz2_interval,cw,random_search,hypervolume,0.5,5000,12,100,1857,0,False,3.3290022396731622
dtlz2_interval,cw,random_search,spread,0.5,5000,13,100,1838,0,False,3.5502283436713125
dtlz2_interval,cw,random_search,hypervolume,0.5,5000,13,100,1838,0,False,3.495474852768837
dtlz2_interval,cw,random_search,spread,0.5,5000,14,100,1743,0,False,3.653839869284493
dtlz2_interval,cw,random_search,hypervolume,0.5,5000,14,100,1743,0,False,3.4875108462175652
dtlz2_interval,cw,random_search,spread,0.5,5000,15,100,1813,0,False,3.624044191627221
dtlz2_interval,cw,random_search,hypervolume,0.5,5000,15,100,1813,0,False,3.5663484290170953
dtlz2_interval,cw,nsga2,spread,0.5,5000,11,100,100,0,False,4.9902241815835
dtlz2_interval,cw,nsga2,hypervolume,0.5,5000,11,100,100,0,False,3.7147230910975897
dtlz2_interval,cw,nsga2,spread,0.5,5000,12,100,100,0,False,4.7424405495959405
dtlz2_interval,cw,nsga2,hypervolume,0.5,5000,12,100,100,0,False,3.330093049678196
dtlz2_interval,cw,nsga2,spread,0.5,5000,13,100,100,0,False,4.702362344121577
dtlz2_interval,cw,nsga2,hypervolume,0.5,5000,13,100,100,0,False,3.517837838295049
dtlz2_interval,cw,nsga2,spread,0.5,5000,14,100,100,0,False,4.902654276784169
dtlz2_interval,cw,nsga2,hypervolume,0.5,5000,14,100,100,0,False,3.36772482963314
dtlz2_interval,cw,nsga2,spread,0.5,5000,15,100,100,0,False,4.729236510690663
dtlz2_interval,cw,nsga2,hypervolume,0.5,5000,15,100,100,0,False,3.5773764864756163
dtlz2_interval,cw,mopso,spread,0.5,5000,11,100,200,0,False,3.907558109427665
dtlz2_interval,cw,mopso,hypervolume,0.5,5000,11,100,200,0,False,3.7209554520033192
dtlz2_interval,cw,mopso,spread,0.5,5000,12,100,200,0,False,3.7909356066953244
dtlz2_interval,cw,mopso,hypervolume,0.5,5000,12,100,200,0,False,3.530255260556691
dtlz2_interval,cw,mopso,spread,0.5,5000,13,100,200,0,False,3.971311737152547
dtlz2_interval,cw,mopso,hypervolume,0.5,5000,13,100,200,0,False,3.6727935097501216
dtlz2_interval,cw,mopso,spread,0.5,5000,14,100,200,0,False,4.163120939409396
dtlz2_interval,cw,mopso,hypervolume,0.5,5000,14,100,200,0,False,3.821962721837279
dtlz2_interval,cw,mopso,spread,0.5,5000,15,100,200,0,False,4.231461873265575
dtlz2_interval,cw,mopso,hypervolume,0.5,5000,15,100,200,0,False,3.6266342966699803
