problem,solver,phi_a,phi_b,status,eps,n_evals,delta,box_scale,n_seeds,dice_median,dice_q1,dice_q3,jaccard_median,jaccard_q1,jaccard_q3
dtlz2_interval,random_search,ls,cw,check,0.0,5000,0.0,3.4641016151377544,5,1.0,1.0,1.0,1.0,1.0,1.0
dtlz2_interval,random_search,ls,cw,check,0.0,5000,0.17320508075688773,3.4641016151377544,5,1.0,1.0,1.0,1.0,1.0,1.0
dtlz2_interval,random_search,ls,cw,check,0.05,5000,0.0,3.4641016151377544,5,0.9596899224806201,0.9583333333333334,0.9625696840987523,0.9225037257824142,0.9200000000000002,0.9278403275332651
dtlz2_interval,random_search,ls,cw,check,0.05,5000,0.17320508075688773,3.4641016151377544,5,0.9596899224806201,0.9583333333333334,0.9625696840987523,0.9225037257824142,0.9200000000000002,0.9278403275332651
dtlz2_interval,random_search,ls,cw,check,0.1,5000,0.0,3.4641016151377544,5,0.9319949811794228,0.9265106151333696,0.9321336760925449,0.8726503759398496,0.8630831643002027,0.8728935965334617
dtlz2_interval,random_search,ls,cw,check,0.1,5000,0.17320508075688773,3.4641016151377544,5,0.9319949811794228,0.9265106151333696,0.9321336760925449,0.8726503759398496,0.8630831643002027,0.8728935965334617
dtlz2_interval,random_search,ls,cw,check,0.1,20000,0.0,3.4641016151377544,5,0.9052151497124727,0.9017547338158025,0.9067648769141307,0.8268429632312987,0.8210868387795631,0.8294326241134751
dtlz2_interval,random_search,ls,cw,check,0.1,20000,0.17320508075688773,3.4641016151377544,5,0.9052151497124727,0.9017547338158025,0.9067648769141307,0.8268429632312987,0.8210868387795631,0.8294326241134751
dtlz2_interval,random_search,ls,cw,check,0.25,5000,0.0,3.4641016151377544,5,0.8585298196948682,0.8471876555500248,0.8647746243739566,0.7521263669501823,0.734887737478411,0.761764705882353
dtlz2_interval,random_search,ls,cw,check,0.25,5000,0.17320508075688773,3.4641016151377544,5,0.8585298196948682,0.8471876555500248,0.8647746243739566,0.7521263669501823,0.734887737478411,0.761764705882353
dtlz2_interval,random_search,ls,cw,check,0.5,5000,0.0,3.4641016151377544,5,0.7749519128018807,0.7609692206941716,0.7763377926421404,0.6325889741800418,0.6141649048625794,0.6344379911171848
dtlz2_interval,random_search,ls,cw,check,0.5,5000,0.17320508075688773,3.4641016151377544,5,0.7749519128018807,0.7609692206941716,0.7763377926421404,0.6325889741800418,0.6141649048625794,0.6344379911171848
dtlz2_interval,random_search,lu,cw,finding,0.0,5000,0.0,3.4641016151377544,5,1.0,1.0,1.0,1.0,1.0,1.0
dtlz2_interval,random_search,lu,cw,finding,0.0,5000,0.17320508075688773,3.4641016151377544,5,1.0,1.0,1.0,1.0,1.0,1.0
dtlz2_interval,random_search,lu,cw,finding,0.05,5000,0.0,3.4641016151377544,5,0.2401891252955083,0.23849579416130628,0.24907063197026022,0.13648576034390114,0.1353932584269663,0.14225053078556263
dtlz2_interval,random_search,lu,cw,finding,0.05,5000,0.17320508075688773,3.4641016151377544,5,0.2401891252955083,0.23849579416130628,0.24907063197026022,0.13648576034390114,0.1353932584269663,0.14225053078556263
dtlz2_interval,random_search,lu,cw,finding,0.1,5000,0.0,3.4641016151377544,5,0.27929220468675275,0.27592507994518045,0.29808121374386437,0.1623123957754308,0.160042395336513,0.17514420555846882
dtlz2_interval,random_search,lu,cw,finding,0.1,5000,0.17320508075688773,3.4641016151377544,5,0.27929220468675275,0.27592507994518045,0.29808121374386437,0.1623123957754308,0.160042395336513,0.17514420555846882
dtlz2_interval,random_search,lu,cw,finding,0.1,20000,0.0,3.4641016151377544,5,0.21959902566985198,0.215778572773489,0.23053073135144994,0.12334245422016417,0.12093710426340228,0.1302824159967017
dtlz2_interval,random_search,lu,cw,finding,0.1,20000,0.17320508075688773,3.4641016151377544,5,0.21959902566985198,0.215778572773489,0.23053073135144994,0.12334245422016417,0.12093710426340228,0.1302824159967017
dtlz2_interval,random_search,lu,cw,finding,0.25,5000,0.0,3.4641016151377544,5,0.3738085370907584,0.36695652173913046,0.38523925385239255,0.22986748216106015,0.22470713525026625,0.23857358111501759
dtlz2_interval,random_search,lu,cw,finding,0.25,5000,0.17320508075688773,3.4641016151377544,5,0.3738085370907584,0.36695652173913046,0.38523925385239255,0.22986748216106015,0.22470713525026625,0.23857358111501759
dtlz2_interval,random_search,lu,cw,finding,0.5,5000,0.0,3.4641016151377544,5,0.4869927159209157,0.473551637279597,0.48822890257153206,0.3218707015130674,0.3102310231023102,0.3229516051748922
dtlz2_interval,random_search,lu,cw,finding,0.5,5000,0.17320508075688773,3.4641016151377544,5,0.4869927159209157,0.473551637279597,0.48822890257153206,0.3218707015130674,0.3102310231023102,0.3229516051748922
dtlz2_interval,random_search,lu,ls,check,0.0,5000,0.0,3.4641016151377544,5,1.0,1.0,1.0,1.0,1.0,1.0
dtlz2_interval,random_search,lu,ls,check,0.0,5000,0.17320508075688773,3.4641016151377544,5,1.0,1.0,1.0,1.0,1.0,1.0
dtlz2_interval,random_search,lu,ls,check,0.05,5000,0.0,3.4641016151377544,5,0.25446224256292904,0.2467706013363029,0.255632582322357,0.1457787100157315,0.1407520325203252,0.14654744162940886
dtlz2_interval,random_search,lu,ls,check,0.05,5000,0.17320508075688773,3.4641016151377544,5,0.25446224256292904,0.2467706013363029,0.255632582322357,0.1457787100157315,0.1407520325203252,0.14654744162940886
dtlz2_interval,random_search,lu,ls,check,0.1,5000,0.0,3.4641016151377544,5,0.2907268170426065,0.28829568788501025,0.3057324840764331,0.17008797653958943,0.168426103646833,0.18045112781954886
dtlz2_interval,random_search,lu,ls,check,0.1,5000,0.17320508075688773,3.4641016151377544,5,0.2907268170426065,0.28829568788501025,0.3057324840764331,0.17008797653958943,0.168426103646833,0.18045112781954886
dtlz2_interval,random_search,lu,ls,check,0.1,20000,0.0,3.4641016151377544,5,0.2481560399934437,0.2474820143884892,0.24980605120248253,0.14165419161676648,0.1412151067323481,0.1427304964539007
dtlz2_interval,random_search,lu,ls,check,0.1,20000,0.17320508075688773,3.4641016151377544,5,0.2481560399934437,0.2474820143884892,0.24980605120248253,0.14165419161676648,0.1412151067323481,0.1427304964539007
dtlz2_interval,random_search,lu,ls,check,0.25,5000,0.0,3.4641016151377544,5,0.38746630727762804,0.37955706984667803,0.39571150097465885,0.24028416213957376,0.23423044575273338,0.24665856622114213
dtlz2_interval,random_search,lu,ls,check,0.25,5000,0.17320508075688773,3.4641016151377544,5,0.38746630727762804,0.37955706984667803,0.39571150097465885,0.24028416213957376,0.23423044575273338,0.24665856622114213
dtlz2_interval,random_search,lu,ls,check,0.5,5000,0.0,3.4641016151377544,5,0.5133577789418544,0.497115888830624,0.5190994181634202,0.34531360112755466,0.3307745987438939,0.3505295524427742
dtlz2_interval,random_search,lu,ls,check,0.5,5000,0.17320508075688773,3.4641016151377544,5,0.5133577789418544,0.497115888830624,0.5190994181634202,0.34531360112755466,0.3307745987438939,0.3505295524427742
dtlz2_interval,random_search_noise_floor,cw,cw,finding,0.0,5000,0.17320508075688773,3.4641016151377544,5,0.0,0.0,0.0,0.0,0.0,0.0
dtlz2_interval,random_search_noise_floor,cw,cw,finding,0.05,5000,0.17320508075688773,3.4641016151377544,5,0.0,0.0,0.0,0.0,0.0,0.0
dtlz2_interval,random_search_noise_floor,cw,cw,finding,0.1,5000,0.17320508075688773,3.4641016151377544,5,0.0,0.0,0.0,0.0,0.0,0.0
dtlz2_interval,random_search_noise_floor,cw,cw,finding,0.1,20000,0.17320508075688773,3.4641016151377544,5,0.0,0.0,0.0,0.0,0.0,0.0
dtlz2_interval,random_search_noise_floor,cw,cw,finding,0.25,5000,0.17320508075688773,3.4641016151377544,5,0.0,0.0,0.0,0.0,0.0,0.0
dtlz2_interval,random_search_noise_floor,cw,cw,finding,0.5,5000,0.17320508075688773,3.4641016151377544,5,0.0,0.0,0.0,0.0,0.0,0.0
dtlz2_interval,random_search_noise_floor,ls,ls,finding,0.0,5000,0.17320508075688773,3.4641016151377544,5,0.0,0.0,0.0,0.0,0.0,0.0
dtlz2_interval,random_search_noise_floor,ls,ls,finding,0.05,5000,0.17320508075688773,3.4641016151377544,5,0.0,0.0,0.0,0.0,0.0,0.0
dtlz2_interval,random_search_noise_floor,ls,ls,finding,0.1,5000,0.17320508075688773,3.4641016151377544,5,0.0,0.0,0.0,0.0,0.0,0.0
dtlz2_interval,random_search_noise_floor,ls,ls,finding,0.1,20000,0.17320508075688773,3.4641016151377544,5,0.0,0.0,0.0,0.0,0.0,0.0
dtlz2_interval,random_search_noise_floor,ls,ls,finding,0.25,5000,0.17320508075688773,3.4641016151377544,5,0.0,0.0,0.0,0.0,0.0,0.0
dtlz2_interval,random_search_noise_floor,ls,ls,finding,0.5,5000,0.17320508075688773,3.4641016151377544,5,0.0,0.0,0.0,0.0,0.0,0.0
dtlz2_interval,random_search_noise_floor,lu,lu,finding,0.0,5000,0.17320508075688773,3.4641016151377544,5,0.0,0.0,0.0,0.0,0.0,0.0
dtlz2_interval,random_search_noise_floor,lu,lu,finding,0.05,5000,0.17320508075688773,3.4641016151377544,5,0.0,0.0,0.0,0.0,0.0,0.0
dtlz2_interval,random_search_noise_floor,lu,lu,finding,0.1,5000,0.17320508075688773,3.4641016151377544,5,0.0,0.0,0.0,0.0,0.0,0.0
dtlz2_interval,random_search_noise_floor,lu,lu,finding,0.1,20000,0.17320508075688773,3.4641016151377544,5,0.0,0.0,0.0,0.0,0.0,0.0
dtlz2_interval,random_search_noise_floor,lu,lu,finding,0.25,5000,0.17320508075688773,3.4641016151377544,5,0.0,0.0,0.0,0.0,0.0,0.0
dtlz2_interval,random_search_noise_floor,lu,lu,finding,0.5,5000,0.17320508075688773,3.4641016151377544,5,0.0,0.0,0.0,0.0,0.0,0.0
zdt1_interval,random_search,ls,cw,check,0.0,5000,0.0,5.477225575051661,5,1.0,1.0,1.0,1.0,1.0,1.0
zdt1_interval,random_search,ls,cw,check,0.0,5000,0.2738612787525831,5.477225575051661,5,1.0,1.0,1.0,1.0,1.0,1.0
zdt1_interval,random_search,ls,cw,check,0.05,5000,0.0,5.477225575051661,5,0.9693486590038314,0.967984934086629,0.9712351945854484,0.9405204460966542,0.937956204379562,0.9440789473684209
zdt1_interval,random_search,ls,cw,check,0.05,5000,0.2738612787525831,5.477225575051661,5,0.9693486590038314,0.967984934086629,0.9712351945854484,0.9405204460966542,0.937956204379562,0.9440789473684209
zdt1_interval,random_search,ls,cw,check,0.1,5000,0.0,5.477225575051661,5,0.9519071310116086,0.9396709323583181,0.9529190207156308,0.9082278481012657,0.8862068965517241,0.9100719424460431
zdt1_interval,random_search,ls,cw,check,0.1,5000,0.2738612787525831,5.477225575051661,5,0.9519071310116086,0.9396709323583181,0.9529190207156308,0.9082278481012657,0.8862068965517241,0.9100719424460431
zdt1_interval,random_search,ls,cw,check,0.1,20000,0.0,5.477225575051661,5,0.9298642533936652,0.8993135011441648,0.931958762886598,0.8689217758985202,0.8170478170478169,0.8725868725868726
zdt1_interval,random_search,ls,cw,check,0.1,20000,0.2738612787525831,5.477225575051661,5,0.9298642533936652,0.8993135011441648,0.931958762886598,0.8689217758985202,0.8170478170478169,0.8725868725868726
zdt1_interval,random_search,ls,cw,check,0.25,5000,0.0,5.477225575051661,5,0.8982785602503912,0.8862068965517241,0.9003322259136213,0.8153409090909092,0.7956656346749225,0.8187311178247735
zdt1_interval,random_search,ls,cw,check,0.25,5000,0.2738612787525831,5.477225575051661,5,0.8982785602503912,0.8862068965517241,0.9003322259136213,0.8153409090909092,0.7956656346749225,0.8187311178247735
zdt1_interval,random_search,ls,cw,check,0.5,5000,0.0,5.477225575051661,5,0.8199697428139183,0.8051529790660226,0.8308702791461412,0.6948717948717948,0.6738544474393531,0.7106741573033708
zdt1_interval,random_search,ls,cw,check,0.5,5000,0.2738612787525831,5.477225575051661,5,0.8199697428139183,0.8051529790660226,0.8308702791461412,0.6948717948717948,0.6738544474393531,0.7106741573033708
zdt1_interval,random_search,lu,cw,finding,0.0,5000,0.0,5.477225575051661,5,1.0,1.0,1.0,1.0,1.0,1.0
zdt1_interval,random_search,lu,cw,finding,0.0,5000,0.2738612787525831,5.477225575051661,5,1.0,1.0,1.0,1.0,1.0,1.0
zdt1_interval,random_search,lu,cw,finding,0.05,5000,0.0,5.477225575051661,5,0.15942028985507245,0.12371134020618557,0.1718213058419244,0.08661417322834646,0.06593406593406594,0.09398496240601505
zdt1_interval,random_search,lu,cw,finding,0.05,5000,0.2738612787525831,5.477225575051661,5,0.15942028985507245,0.12371134020618557,0.1718213058419244,0.08661417322834646,0.06593406593406594,0.09398496240601505
zdt1_interval,random_search,lu,cw,finding,0.1,5000,0.0,5.477225575051661,5,0.17333333333333334,0.16,0.18181818181818182,0.09489051094890512,0.08695652173913043,0.1
zdt1_interval,random_search,lu,cw,finding,0.1,5000,0.2738612787525831,5.477225575051661,5,0.17333333333333334,0.16,0.18181818181818182,0.09489051094890512,0.08695652173913043,0.1
zdt1_interval,random_search,lu,cw,finding,0.1,20000,0.0,5.477225575051661,5,0.15450643776824036,0.1484375,0.18148820326678766,0.08372093023255815,0.08016877637130802,0.0998003992015968
zdt1_interval,random_search,lu,cw,finding,0.1,20000,0.2738612787525831,5.477225575051661,5,0.15450643776824036,0.1484375,0.18148820326678766,0.08372093023255815,0.08016877637130802,0.0998003992015968
zdt1_interval,random_search,lu,cw,finding,0.25,5000,0.0,5.477225575051661,5,0.1962025316455696,0.1794871794871795,0.22,0.1087719298245614,0.09859154929577466,0.12359550561797752
zdt1_interval,random_search,lu,cw,finding,0.25,5000,0.2738612787525831,5.477225575051661,5,0.1962025316455696,0.1794871794871795,0.22,0.1087719298245614,0.09859154929577466,0.12359550561797752
zdt1_interval,random_search,lu,cw,finding,0.5,5000,0.0,5.477225575051661,5,0.2349570200573066,0.21364985163204747,0.2586750788643533,0.1331168831168831,0.11960132890365449,0.14855072463768115
zdt1_interval,random_search,lu,cw,finding,0.5,5000,0.2738612787525831,5.477225575051661,5,0.2349570200573066,0.21364985163204747,0.2586750788643533,0.1331168831168831,0.11960132890365449,0.14855072463768115
zdt1_interval,random_search,lu,ls,check,0.0,5000,0.0,5.477225575051661,5,1.0,1.0,1.0,1.0,1.0,1.0
zdt1_interval,random_search,lu,ls,check,0.0,5000,0.2738612787525831,5.477225575051661,5,1.0,1.0,1.0,1.0,1.0,1.0
zdt1_interval,random_search,lu,ls,check,0.05,5000,0.0,5.477225575051661,5,0.17567567567567569,0.15757575757575756,0.22077922077922077,0.0962962962962963,0.08552631578947367,0.1240875912408759
zdt1_interval,random_search,lu,ls,check,0.05,5000,0.2738612787525831,5.477225575051661,5,0.17567567567567569,0.15757575757575756,0.22077922077922077,0.0962962962962963,0.08552631578947367,0.1240875912408759
zdt1_interval,random_search,lu,ls,check,0.1,5000,0.0,5.477225575051661,5,0.22085889570552147,0.1839080459770115,0.25825825825825827,0.12413793103448276,0.10126582278481013,0.1482758620689655
zdt1_interval,random_search,lu,ls,check,0.1,5000,0.2738612787525831,5.477225575051661,5,0.22085889570552147,0.1839080459770115,0.25825825825825827,0.12413793103448276,0.10126582278481013,0.1482758620689655
zdt1_interval,random_search,lu,ls,check,0.1,20000,0.0,5.477225575051661,5,0.20833333333333334,0.20761245674740483,0.21851851851851853,0.11627906976744186,0.11583011583011583,0.12266112266112267
zdt1_interval,random_search,lu,ls,check,0.1,20000,0.2738612787525831,5.477225575051661,5,0.20833333333333334,0.20761245674740483,0.21851851851851853,0.11627906976744186,0.11583011583011583,0.12266112266112267
zdt1_interval,random_search,lu,ls,check,0.25,5000,0.0,5.477225575051661,5,0.26455026455026454,0.2617283950617284,0.3089005235602094,0.1524390243902439,0.15056818181818182,0.1826625386996904
zdt1_interval,random_search,lu,ls,check,0.25,5000,0.2738612787525831,5.477225575051661,5,0.26455026455026454,0.2617283950617284,0.3089005235602094,0.1524390243902439,0.15056818181818182,0.1826625386996904
zdt1_interval,random_search,lu,ls,check,0.5,5000,0.0,5.477225575051661,5,0.3059360730593607,0.2975929978118162,0.3881856540084388,0.18059299191374661,0.17480719794344474,0.2408376963350785
zdt1_interval,random_search,lu,ls,check,0.5,5000,0.2738612787525831,5.477225575051661,5,0.3059360730593607,0.2975929978118162,0.3881856540084388,0.18059299191374661,0.17480719794344474,0.2408376963350785
zdt1_interval,random_search_noise_floor,cw,cw,finding,0.0,5000,0.2738612787525831,5.477225575051661,5,0.0,0.0,0.0,0.0,0.0,0.0
zdt1_interval,random_search_noise_floor,cw,cw,finding,0.05,5000,0.2738612787525831,5.477225575051661,5,0.0,0.0,0.0,0.0,0.0,0.0
zdt1_interval,random_search_noise_floor,cw,cw,finding,0.1,5000,0.2738612787525831,5.477225575051661,5,0.0,0.0,0.0,0.0,0.0,0.0
zdt1_interval,random_search_noise_floor,cw,cw,finding,0.1,20000,0.2738612787525831,5.477225575051661,5,0.0,0.0,0.0,0.0,0.0,0.0
zdt1_interval,random_search_noise_floor,cw,cw,finding,0.25,5000,0.2738612787525831,5.477225575051661,5,0.0,0.0,0.0,0.0,0.0,0.0
zdt1_interval,random_search_noise_floor,cw,cw,finding,0.5,5000,0.2738612787525831,5.477225575051661,5,0.0,0.0,0.0,0.0,0.0,0.0
zdt1_interval,random_search_noise_floor,ls,ls,finding,0.0,5000,0.2738612787525831,5.477225575051661,5,0.0,0.0,0.0,0.0,0.0,0.0
zdt1_interval,random_search_noise_floor,ls,ls,finding,0.05,5000,0.2738612787525831,5.477225575051661,5,0.0,0.0,0.0,0.0,0.0,0.0
zdt1_interval,random_search_noise_floor,ls,ls,finding,0.1,5000,0.2738612787525831,5.477225575051661,5,0.0,0.0,0.0,0.0,0.0,0.0
zdt1_interval,random_search_noise_floor,ls,ls,finding,0.1,20000,0.2738612787525831,5.477225575051661,5,0.0,0.0,0.0,0.0,0.0,0.0
zdt1_interval,random_search_noise_floor,ls,ls,finding,0.25,5000,0.2738612787525831,5.477225575051661,5,0.0,0.0,0.0,0.0,0.0,0.0
zdt1_interval,random_search_noise_floor,ls,ls,finding,0.5,5000,0.2738612787525831,5.477225575051661,5,0.0,0.0,0.0,0.0,0.0,0.0
zdt1_interval,random_search_noise_floor,lu,lu,finding,0.0,5000,0.2738612787525831,5.477225575051661,5,0.0,0.0,0.0,0.0,0.0,0.0
zdt1_interval,random_search_noise_floor,lu,lu,finding,0.05,5000,0.2738612787525831,5.477225575051661,5,0.0,0.0,0.0,0.0,0.0,0.0
zdt1_interval,random_search_noise_floor,lu,lu,finding,0.1,5000,0.2738612787525831,5.477225575051661,5,0.0,0.0,0.0,0.0,0.0,0.0
zdt1_interval,random_search_noise_floor,lu,lu,finding,0.1,20000,0.2738612787525831,5.477225575051661,5,0.0,0.0,0.0,0.0,0.0,0.0
zdt1_interval,random_search_noise_floor,lu,lu,finding,0.25,5000,0.2738612787525831,5.477225575051661,5,0.0,0.0,0.0,0.0,0.0,0.0
zdt1_interval,random_search_noise_floor,lu,lu,finding,0.5,5000,0.2738612787525831,5.477225575051661,5,0.0,0.0,0.0,0.0,0.0,0.0
