problem,solver,phi,eps,n_evals,n_seeds,pop_size,n_generations,saturates_in_every_seed,first_saturated_generation,median,q1,q3,iqr
dtlz2_interval,mopso,cw,0.0,5000,5,100,49,False,,44.0,44.0,44.0,0.0
dtlz2_interval,mopso,cw,0.05,5000,5,100,49,True,2.0,159.0,157.0,161.0,4.0
dtlz2_interval,mopso,cw,0.1,5000,5,100,49,True,2.0,159.0,157.0,161.0,4.0
dtlz2_interval,mopso,cw,0.1,20000,5,100,199,True,2.0,164.0,163.0,164.0,1.0
dtlz2_interval,mopso,cw,0.25,5000,5,100,49,True,2.0,159.0,157.0,162.0,5.0
dtlz2_interval,mopso,cw,0.5,5000,5,100,49,True,2.0,159.0,157.0,162.0,5.0
dtlz2_interval,mopso,ls,0.0,5000,5,100,49,False,,44.0,44.0,44.0,0.0
dtlz2_interval,mopso,ls,0.05,5000,5,100,49,True,2.0,165.0,164.0,166.0,2.0
dtlz2_interval,mopso,ls,0.1,5000,5,100,49,True,2.0,167.0,167.0,169.0,2.0
dtlz2_interval,mopso,ls,0.1,20000,5,100,199,True,2.0,171.0,171.0,172.0,1.0
dtlz2_interval,mopso,ls,0.25,5000,5,100,49,True,2.0,171.0,171.0,173.0,2.0
dtlz2_interval,mopso,ls,0.5,5000,5,100,49,True,2.0,177.0,177.0,178.0,1.0
dtlz2_interval,mopso,lu,0.0,5000,5,100,49,False,,44.0,44.0,44.0,0.0
dtlz2_interval,mopso,lu,0.05,5000,5,100,49,True,13.0,105.0,102.0,106.0,4.0
dtlz2_interval,mopso,lu,0.1,5000,5,100,49,True,6.0,103.0,102.0,110.0,8.0
dtlz2_interval,mopso,lu,0.1,20000,5,100,199,True,6.0,107.0,106.0,112.0,6.0
dtlz2_interval,mopso,lu,0.25,5000,5,100,49,True,4.0,112.0,111.0,114.0,3.0
dtlz2_interval,mopso,lu,0.5,5000,5,100,49,True,2.0,125.0,125.0,128.0,3.0
dtlz2_interval,nsga2,cw,0.0,5000,5,100,50,True,11.0,146.0,145.0,147.0,2.0
dtlz2_interval,nsga2,cw,0.05,5000,5,100,50,True,2.0,170.0,168.0,171.0,3.0
dtlz2_interval,nsga2,cw,0.1,5000,5,100,50,True,2.0,170.0,168.0,171.0,3.0
dtlz2_interval,nsga2,cw,0.1,20000,5,100,200,True,2.0,171.0,169.0,171.0,2.0
dtlz2_interval,nsga2,cw,0.25,5000,5,100,50,True,2.0,170.0,168.0,171.0,3.0
dtlz2_interval,nsga2,cw,0.5,5000,5,100,50,True,2.0,170.0,168.0,171.0,3.0
dtlz2_interval,nsga2,ls,0.0,5000,5,100,50,True,11.0,146.0,145.0,147.0,2.0
dtlz2_interval,nsga2,ls,0.05,5000,5,100,50,True,2.0,174.0,173.0,175.0,2.0
dtlz2_interval,nsga2,ls,0.1,5000,5,100,50,True,2.0,175.0,174.0,177.0,3.0
dtlz2_interval,nsga2,ls,0.1,20000,5,100,200,True,2.0,176.0,175.0,176.0,1.0
dtlz2_interval,nsga2,ls,0.25,5000,5,100,50,True,2.0,179.0,179.0,180.0,1.0
dtlz2_interval,nsga2,ls,0.5,5000,5,100,50,True,2.0,182.0,182.0,184.0,2.0
dtlz2_interval,nsga2,lu,0.0,5000,5,100,50,True,11.0,146.0,145.0,147.0,2.0
dtlz2_interval,nsga2,lu,0.05,5000,5,100,50,True,6.0,147.0,145.0,147.0,2.0
dtlz2_interval,nsga2,lu,0.1,5000,5,100,50,True,4.0,149.0,148.0,152.0,4.0
dtlz2_interval,nsga2,lu,0.1,20000,5,100,200,True,4.0,151.0,150.0,152.0,2.0
dtlz2_interval,nsga2,lu,0.25,5000,5,100,50,True,3.0,156.0,155.0,156.0,1.0
dtlz2_interval,nsga2,lu,0.5,5000,5,100,50,True,2.0,164.0,162.0,164.0,2.0
zdt1_interval,mopso,cw,0.0,5000,5,100,49,False,46.0,53.0,51.0,66.0,15.0
zdt1_interval,mopso,cw,0.05,5000,5,100,49,False,,66.0,63.0,70.0,7.0
zdt1_interval,mopso,cw,0.1,5000,5,100,49,False,,66.0,63.0,70.0,7.0
zdt1_interval,mopso,cw,0.1,20000,5,100,199,False,,62.0,60.0,62.0,2.0
zdt1_interval,mopso,cw,0.25,5000,5,100,49,False,,66.0,63.0,70.0,7.0
zdt1_interval,mopso,cw,0.5,5000,5,100,49,False,,66.0,63.0,70.0,7.0
zdt1_interval,mopso,ls,0.0,5000,5,100,49,False,46.0,53.0,51.0,66.0,15.0
zdt1_interval,mopso,ls,0.05,5000,5,100,49,True,12.0,90.0,90.0,90.0,0.0
zdt1_interval,mopso,ls,0.1,5000,5,100,49,True,10.0,93.0,89.0,94.0,5.0
zdt1_interval,mopso,ls,0.1,20000,5,100,199,True,10.0,100.0,96.0,101.0,5.0
zdt1_interval,mopso,ls,0.25,5000,5,100,49,True,7.0,94.0,94.0,96.0,2.0
zdt1_interval,mopso,ls,0.5,5000,5,100,49,True,6.0,98.0,96.0,99.0,3.0
zdt1_interval,mopso,lu,0.0,5000,5,100,49,False,46.0,53.0,51.0,66.0,15.0
zdt1_interval,mopso,lu,0.05,5000,5,100,49,False,39.5,95.0,88.0,95.0,7.0
zdt1_interval,mopso,lu,0.1,5000,5,100,49,False,41.0,90.0,85.0,92.0,7.0
zdt1_interval,mopso,lu,0.1,20000,5,100,199,True,43.0,119.0,118.0,119.0,1.0
zdt1_interval,mopso,lu,0.25,5000,5,100,49,False,36.5,89.0,88.0,93.0,5.0
zdt1_interval,mopso,lu,0.5,5000,5,100,49,True,39.0,94.0,88.0,94.0,6.0
zdt1_interval,nsga2,cw,0.0,5000,5,100,50,False,,46.0,44.0,48.0,4.0
zdt1_interval,nsga2,cw,0.05,5000,5,100,50,True,5.0,138.0,137.0,138.0,1.0
zdt1_interval,nsga2,cw,0.1,5000,5,100,50,True,5.0,138.0,137.0,138.0,1.0
zdt1_interval,nsga2,cw,0.1,20000,5,100,200,True,5.0,164.0,164.0,165.0,1.0
zdt1_interval,nsga2,cw,0.25,5000,5,100,50,True,5.0,138.0,137.0,138.0,1.0
zdt1_interval,nsga2,cw,0.5,5000,5,100,50,True,5.0,138.0,137.0,138.0,1.0
zdt1_interval,nsga2,ls,0.0,5000,5,100,50,False,,46.0,44.0,48.0,4.0
zdt1_interval,nsga2,ls,0.05,5000,5,100,50,True,4.0,143.0,142.0,145.0,3.0
zdt1_interval,nsga2,ls,0.1,5000,5,100,50,True,4.0,147.0,147.0,148.0,1.0
zdt1_interval,nsga2,ls,0.1,20000,5,100,200,True,4.0,156.0,156.0,157.0,1.0
zdt1_interval,nsga2,ls,0.25,5000,5,100,50,True,4.0,149.0,147.0,149.0,2.0
zdt1_interval,nsga2,ls,0.5,5000,5,100,50,True,3.0,150.0,149.0,151.0,2.0
zdt1_interval,nsga2,lu,0.0,5000,5,100,50,False,,46.0,44.0,48.0,4.0
zdt1_interval,nsga2,lu,0.05,5000,5,100,50,True,23.0,117.0,117.0,126.0,9.0
zdt1_interval,nsga2,lu,0.1,5000,5,100,50,True,17.0,122.0,122.0,124.0,2.0
zdt1_interval,nsga2,lu,0.1,20000,5,100,200,True,17.0,135.0,134.0,136.0,2.0
zdt1_interval,nsga2,lu,0.25,5000,5,100,50,True,15.0,121.0,121.0,124.0,3.0
zdt1_interval,nsga2,lu,0.5,5000,5,100,50,True,13.0,127.0,126.0,129.0,3.0
