# metrics table, written by src/reporting.py, subpart d3. two blocks with
# different columns, and the split is the content and not the layout.
# every value is a median with its interquartile range over the seed count in
# the same row, and every row states the evaluation budget and the
# cardinality it was computed at. no cell is one run.

block,objective_space
# hypervolume, igd and spread are computed on the (k, 2m) rows of one
# phi's image. each phi maps the same problem into a different space on a
# different scale, CONTEXT.md section 5 step 5, so these compare solvers
# under one fixed phi and never rank one phi against another; a ratio
# taken across two phi here is a ratio of volumes in two different spaces
# and means nothing. all three move with the cardinality, r-16, which is
# why every row states the one it was computed at.
problem,phi,solver,metric,n_seeds,n_evals,cardinality,reference_size,sampling_mode,include_singular_segments,hv_reference_rule,hv_reference_point,median,q1,q3,iqr

block,decision_space
# hausdorff, coverage, overlap and cross evaluation are computed on the
# recovered sets in the decision space, which is the one space every phi
# shares, so these are the metrics comparable across phi and this is the
# block a phi comparison is read from. a row whose status is check has one
# direction fixed by a containment before any solver ran, r-06 and r-11,
# so a difference there is in part a theorem; only a row whose status is
# finding carries the sensitivity signal.
problem,phi_a,phi_b,status,metric,n_seeds,n_evals,cardinality_a,cardinality_b,delta,box_scale,containment_violations,note,median,q1,q3,iqr
dtlz2_interval,ls,cw,check,coverage_a_in_b,5,5000,2380,1813,0.0,3.4641016151377544,,"measured on random search's one filtered sample, so the two sets differ only through the order; delta is zero, so the row is the shared count over the count, with no tolerance in it at all; the three sets are index sets over one array, so two vectors are the same point bitwise or they are two points; overlap is dice, the two covered counts over the two cardinalities, and the jaccard value of the same pair is in overlap_conventions.csv; containment_violations is the largest count over the seeds; check on r-06 and not a finding: ND_cw sits inside ND_ls exactly and for every problem, docs/a_close_containment.md, so coverage of cw in ls and one direction of the overlap are fixed before this runs. the containment is exact in real arithmetic and fails by rounding in doubles, one point of 1565 measured, r-11, so a nonzero violation count is arithmetic and never a result about phi. it stands on s-11; if the supervisors refute the criterion this pair is reported like the other and no result moves",0.7521263669501823,0.7348877374784111,0.7617647058823529,0.026876968403941826
dtlz2_interval,ls,cw,check,coverage_a_in_b,5,5000,2380,1813,0.17320508075688773,3.4641016151377544,0,"measured on random search's one filtered sample, so the two sets differ only through the order; delta is 0.05 of the box diameter, the box_scale column; overlap is dice, the two covered counts over the two cardinalities, and the jaccard value of the same pair is in overlap_conventions.csv; containment_violations is the largest count over the seeds; check on r-06 and not a finding: ND_cw sits inside ND_ls exactly and for every problem, docs/a_close_containment.md, so coverage of cw in ls and one direction of the overlap are fixed before this runs. the containment is exact in real arithmetic and fails by rounding in doubles, one point of 1565 measured, r-11, so a nonzero violation count is arithmetic and never a result about phi. it stands on s-11; if the supervisors refute the criterion this pair is reported like the other and no result moves",0.7521263669501823,0.7348877374784111,0.7617647058823529,0.026876968403941826
dtlz2_interval,ls,cw,check,coverage_b_in_a,5,5000,2380,1813,0.0,3.4641016151377544,,"measured on random search's one filtered sample, so the two sets differ only through the order; delta is zero, so the row is the shared count over the count, with no tolerance in it at all; the three sets are index sets over one array, so two vectors are the same point bitwise or they are two points; overlap is dice, the two covered counts over the two cardinalities, and the jaccard value of the same pair is in overlap_conventions.csv; containment_violations is the largest count over the seeds; check on r-06 and not a finding: ND_cw sits inside ND_ls exactly and for every problem, docs/a_close_containment.md, so coverage of cw in ls and one direction of the overlap are fixed before this runs. the containment is exact in real arithmetic and fails by rounding in doubles, one point of 1565 measured, r-11, so a nonzero violation count is arithmetic and never a result about phi. it stands on s-11; if the supervisors refute the criterion this pair is reported like the other and no result moves",1.0,1.0,1.0,0.0
dtlz2_interval,ls,cw,check,coverage_b_in_a,5,5000,2380,1813,0.17320508075688773,3.4641016151377544,0,"measured on random search's one filtered sample, so the two sets differ only through the order; delta is 0.05 of the box diameter, the box_scale column; overlap is dice, the two covered counts over the two cardinalities, and the jaccard value of the same pair is in overlap_conventions.csv; containment_violations is the largest count over the seeds; check on r-06 and not a finding: ND_cw sits inside ND_ls exactly and for every problem, docs/a_close_containment.md, so coverage of cw in ls and one direction of the overlap are fixed before this runs. the containment is exact in real arithmetic and fails by rounding in doubles, one point of 1565 measured, r-11, so a nonzero violation count is arithmetic and never a result about phi. it stands on s-11; if the supervisors refute the criterion this pair is reported like the other and no result moves",1.0,1.0,1.0,0.0
dtlz2_interval,ls,cw,check,cross_a_under_b,5,5000,2380,1813,0.17320508075688773,3.4641016151377544,0,"measured on random search's one filtered sample, so the two sets differ only through the order; delta is 0.05 of the box diameter, the box_scale column; overlap is dice, the two covered counts over the two cardinalities, and the jaccard value of the same pair is in overlap_conventions.csv; containment_violations is the largest count over the seeds; check on r-06 and not a finding: ND_cw sits inside ND_ls exactly and for every problem, docs/a_close_containment.md, so coverage of cw in ls and one direction of the overlap are fixed before this runs. the containment is exact in real arithmetic and fails by rounding in doubles, one point of 1565 measured, r-11, so a nonzero violation count is arithmetic and never a result about phi. it stands on s-11; if the supervisors refute the criterion this pair is reported like the other and no result moves",0.7521263669501823,0.7348877374784111,0.7617647058823529,0.026876968403941826
dtlz2_interval,ls,cw,check,cross_b_under_a,5,5000,2380,1813,0.17320508075688773,3.4641016151377544,0,"measured on random search's one filtered sample, so the two sets differ only through the order; delta is 0.05 of the box diameter, the box_scale column; overlap is dice, the two covered counts over the two cardinalities, and the jaccard value of the same pair is in overlap_conventions.csv; containment_violations is the largest count over the seeds; check on r-06 and not a finding: ND_cw sits inside ND_ls exactly and for every problem, docs/a_close_containment.md, so coverage of cw in ls and one direction of the overlap are fixed before this runs. the containment is exact in real arithmetic and fails by rounding in doubles, one point of 1565 measured, r-11, so a nonzero violation count is arithmetic and never a result about phi. it stands on s-11; if the supervisors refute the criterion this pair is reported like the other and no result moves",1.0,1.0,1.0,0.0
dtlz2_interval,ls,cw,check,hausdorff_a_to_b,5,5000,2380,1813,0.17320508075688773,3.4641016151377544,0,"measured on random search's one filtered sample, so the two sets differ only through the order; delta is 0.05 of the box diameter, the box_scale column; overlap is dice, the two covered counts over the two cardinalities, and the jaccard value of the same pair is in overlap_conventions.csv; containment_violations is the largest count over the seeds; check on r-06 and not a finding: ND_cw sits inside ND_ls exactly and for every problem, docs/a_close_containment.md, so coverage of cw in ls and one direction of the overlap are fixed before this runs. the containment is exact in real arithmetic and fails by rounding in doubles, one point of 1565 measured, r-11, so a nonzero violation count is arithmetic and never a result about phi. it stands on s-11; if the supervisors refute the criterion this pair is reported like the other and no result moves",0.932477884133765,0.8802135140062312,0.9850441117836346,0.10483059777740344
dtlz2_interval,ls,cw,check,hausdorff_b_to_a,5,5000,2380,1813,0.17320508075688773,3.4641016151377544,0,"measured on random search's one filtered sample, so the two sets differ only through the order; delta is 0.05 of the box diameter, the box_scale column; overlap is dice, the two covered counts over the two cardinalities, and the jaccard value of the same pair is in overlap_conventions.csv; containment_violations is the largest count over the seeds; check on r-06 and not a finding: ND_cw sits inside ND_ls exactly and for every problem, docs/a_close_containment.md, so coverage of cw in ls and one direction of the overlap are fixed before this runs. the containment is exact in real arithmetic and fails by rounding in doubles, one point of 1565 measured, r-11, so a nonzero violation count is arithmetic and never a result about phi. it stands on s-11; if the supervisors refute the criterion this pair is reported like the other and no result moves",0.0,0.0,0.0,0.0
dtlz2_interval,ls,cw,check,hausdorff_symmetric,5,5000,2380,1813,0.17320508075688773,3.4641016151377544,0,"measured on random search's one filtered sample, so the two sets differ only through the order; delta is 0.05 of the box diameter, the box_scale column; overlap is dice, the two covered counts over the two cardinalities, and the jaccard value of the same pair is in overlap_conventions.csv; containment_violations is the largest count over the seeds; check on r-06 and not a finding: ND_cw sits inside ND_ls exactly and for every problem, docs/a_close_containment.md, so coverage of cw in ls and one direction of the overlap are fixed before this runs. the containment is exact in real arithmetic and fails by rounding in doubles, one point of 1565 measured, r-11, so a nonzero violation count is arithmetic and never a result about phi. it stands on s-11; if the supervisors refute the criterion this pair is reported like the other and no result moves",0.932477884133765,0.8802135140062312,0.9850441117836346,0.10483059777740344
dtlz2_interval,ls,cw,check,overlap,5,5000,2380,1813,0.0,3.4641016151377544,,"measured on random search's one filtered sample, so the two sets differ only through the order; delta is zero, so the row is the shared count over the count, with no tolerance in it at all; the three sets are index sets over one array, so two vectors are the same point bitwise or they are two points; overlap is dice, the two covered counts over the two cardinalities, and the jaccard value of the same pair is in overlap_conventions.csv; containment_violations is the largest count over the seeds; check on r-06 and not a finding: ND_cw sits inside ND_ls exactly and for every problem, docs/a_close_containment.md, so coverage of cw in ls and one direction of the overlap are fixed before this runs. the containment is exact in real arithmetic and fails by rounding in doubles, one point of 1565 measured, r-11, so a nonzero violation count is arithmetic and never a result about phi. it stands on s-11; if the supervisors refute the criterion this pair is reported like the other and no result moves",0.8585298196948682,0.8471876555500248,0.8647746243739566,0.017586968823931737
dtlz2_interval,ls,cw,check,overlap,5,5000,2380,1813,0.17320508075688773,3.4641016151377544,0,"measured on random search's one filtered sample, so the two sets differ only through the order; delta is 0.05 of the box diameter, the box_scale column; overlap is dice, the two covered counts over the two cardinalities, and the jaccard value of the same pair is in overlap_conventions.csv; containment_violations is the largest count over the seeds; check on r-06 and not a finding: ND_cw sits inside ND_ls exactly and for every problem, docs/a_close_containment.md, so coverage of cw in ls and one direction of the overlap are fixed before this runs. the containment is exact in real arithmetic and fails by rounding in doubles, one point of 1565 measured, r-11, so a nonzero violation count is arithmetic and never a result about phi. it stands on s-11; if the supervisors refute the criterion this pair is reported like the other and no result moves",0.8585298196948682,0.8471876555500248,0.8647746243739566,0.017586968823931737
dtlz2_interval,lu,cw,finding,coverage_a_in_b,5,5000,575,1813,0.0,3.4641016151377544,,"measured on random search's one filtered sample, so the two sets differ only through the order; delta is zero, so the row is the shared count over the count, with no tolerance in it at all; the three sets are index sets over one array, so two vectors are the same point bitwise or they are two points; overlap is dice, the two covered counts over the two cardinalities, and the jaccard value of the same pair is in overlap_conventions.csv; containment_violations is the largest count over the seeds; nested in neither direction, so both directions are measured; this is the pair CONTEXT.md section 10 e3 takes the headline number from",0.7799671592775042,0.7576301615798923,0.7840290381125227,0.0263988765326304
dtlz2_interval,lu,cw,finding,coverage_a_in_b,5,5000,575,1813,0.17320508075688773,3.4641016151377544,,"measured on random search's one filtered sample, so the two sets differ only through the order; delta is 0.05 of the box diameter, the box_scale column; overlap is dice, the two covered counts over the two cardinalities, and the jaccard value of the same pair is in overlap_conventions.csv; containment_violations is the largest count over the seeds; nested in neither direction, so both directions are measured; this is the pair CONTEXT.md section 10 e3 takes the headline number from",0.7799671592775042,0.7576301615798923,0.7840290381125227,0.0263988765326304
dtlz2_interval,lu,cw,finding,coverage_b_in_a,5,5000,575,1813,0.0,3.4641016151377544,,"measured on random search's one filtered sample, so the two sets differ only through the order; delta is zero, so the row is the shared count over the count, with no tolerance in it at all; the three sets are index sets over one array, so two vectors are the same point bitwise or they are two points; overlap is dice, the two covered counts over the two cardinalities, and the jaccard value of the same pair is in overlap_conventions.csv; containment_violations is the largest count over the seeds; nested in neither direction, so both directions are measured; this is the pair CONTEXT.md section 10 e3 takes the headline number from",0.24537540805223068,0.24211130235226622,0.25578890683898764,0.013677604486721423
dtlz2_interval,lu,cw,finding,coverage_b_in_a,5,5000,575,1813,0.17320508075688773,3.4641016151377544,,"measured on random search's one filtered sample, so the two sets differ only through the order; delta is 0.05 of the box diameter, the box_scale column; overlap is dice, the two covered counts over the two cardinalities, and the jaccard value of the same pair is in overlap_conventions.csv; containment_violations is the largest count over the seeds; nested in neither direction, so both directions are measured; this is the pair CONTEXT.md section 10 e3 takes the headline number from",0.24537540805223068,0.24211130235226622,0.25578890683898764,0.013677604486721423
dtlz2_interval,lu,cw,finding,cross_a_under_b,5,5000,575,1813,0.17320508075688773,3.4641016151377544,,"measured on random search's one filtered sample, so the two sets differ only through the order; delta is 0.05 of the box diameter, the box_scale column; overlap is dice, the two covered counts over the two cardinalities, and the jaccard value of the same pair is in overlap_conventions.csv; containment_violations is the largest count over the seeds; nested in neither direction, so both directions are measured; this is the pair CONTEXT.md section 10 e3 takes the headline number from",0.7799671592775042,0.7594254937163375,0.7840290381125227,0.024603544396185173
dtlz2_interval,lu,cw,finding,cross_b_under_a,5,5000,575,1813,0.17320508075688773,3.4641016151377544,,"measured on random search's one filtered sample, so the two sets differ only through the order; delta is 0.05 of the box diameter, the box_scale column; overlap is dice, the two covered counts over the two cardinalities, and the jaccard value of the same pair is in overlap_conventions.csv; containment_violations is the largest count over the seeds; nested in neither direction, so both directions are measured; this is the pair CONTEXT.md section 10 e3 takes the headline number from",0.24591947769314473,0.24497991967871485,0.2579429186860528,0.012962999007337939
dtlz2_interval,lu,cw,finding,hausdorff_a_to_b,5,5000,575,1813,0.17320508075688773,3.4641016151377544,,"measured on random search's one filtered sample, so the two sets differ only through the order; delta is 0.05 of the box diameter, the box_scale column; overlap is dice, the two covered counts over the two cardinalities, and the jaccard value of the same pair is in overlap_conventions.csv; containment_violations is the largest count over the seeds; nested in neither direction, so both directions are measured; this is the pair CONTEXT.md section 10 e3 takes the headline number from",0.8709386574586468,0.8642845199636909,0.9073352521334919,0.04305073216980093
dtlz2_interval,lu,cw,finding,hausdorff_b_to_a,5,5000,575,1813,0.17320508075688773,3.4641016151377544,,"measured on random search's one filtered sample, so the two sets differ only through the order; delta is 0.05 of the box diameter, the box_scale column; overlap is dice, the two covered counts over the two cardinalities, and the jaccard value of the same pair is in overlap_conventions.csv; containment_violations is the largest count over the seeds; nested in neither direction, so both directions are measured; this is the pair CONTEXT.md section 10 e3 takes the headline number from",0.9792977145802001,0.9752946816350611,1.025956227718689,0.05066154608362805
dtlz2_interval,lu,cw,finding,hausdorff_symmetric,5,5000,575,1813,0.17320508075688773,3.4641016151377544,,"measured on random search's one filtered sample, so the two sets differ only through the order; delta is 0.05 of the box diameter, the box_scale column; overlap is dice, the two covered counts over the two cardinalities, and the jaccard value of the same pair is in overlap_conventions.csv; containment_violations is the largest count over the seeds; nested in neither direction, so both directions are measured; this is the pair CONTEXT.md section 10 e3 takes the headline number from",0.9792977145802001,0.9752946816350611,1.025956227718689,0.05066154608362805
dtlz2_interval,lu,cw,finding,overlap,5,5000,575,1813,0.0,3.4641016151377544,,"measured on random search's one filtered sample, so the two sets differ only through the order; delta is zero, so the row is the shared count over the count, with no tolerance in it at all; the three sets are index sets over one array, so two vectors are the same point bitwise or they are two points; overlap is dice, the two covered counts over the two cardinalities, and the jaccard value of the same pair is in overlap_conventions.csv; containment_violations is the largest count over the seeds; nested in neither direction, so both directions are measured; this is the pair CONTEXT.md section 10 e3 takes the headline number from",0.3738085370907584,0.36695652173913046,0.38523925385239255,0.01828273211326209
dtlz2_interval,lu,cw,finding,overlap,5,5000,575,1813,0.17320508075688773,3.4641016151377544,,"measured on random search's one filtered sample, so the two sets differ only through the order; delta is 0.05 of the box diameter, the box_scale column; overlap is dice, the two covered counts over the two cardinalities, and the jaccard value of the same pair is in overlap_conventions.csv; containment_violations is the largest count over the seeds; nested in neither direction, so both directions are measured; this is the pair CONTEXT.md section 10 e3 takes the headline number from",0.3738085370907584,0.36695652173913046,0.38523925385239255,0.01828273211326209
dtlz2_interval,lu,ls,check,coverage_a_in_b,5,5000,575,2380,0.0,3.4641016151377544,,"measured on random search's one filtered sample, so the two sets differ only through the order; delta is zero, so the row is the shared count over the count, with no tolerance in it at all; the three sets are index sets over one array, so two vectors are the same point bitwise or they are two points; overlap is dice, the two covered counts over the two cardinalities, and the jaccard value of the same pair is in overlap_conventions.csv; containment_violations is the largest count over the seeds; check on r-06 and not a finding: ND_lu sits inside ND_ls exactly and for every problem, docs/a_close_containment.md, so coverage of lu in ls and one direction of the overlap are fixed before this runs. the containment is exact in real arithmetic and fails by rounding in doubles, one point of 1565 measured, r-11, so a nonzero violation count is arithmetic and never a result about phi. it stands on s-11; if the supervisors refute the criterion this pair is reported like the other and no result moves",1.0,1.0,1.0,0.0
dtlz2_interval,lu,ls,check,coverage_a_in_b,5,5000,575,2380,0.17320508075688773,3.4641016151377544,0,"measured on random search's one filtered sample, so the two sets differ only through the order; delta is 0.05 of the box diameter, the box_scale column; overlap is dice, the two covered counts over the two cardinalities, and the jaccard value of the same pair is in overlap_conventions.csv; containment_violations is the largest count over the seeds; check on r-06 and not a finding: ND_lu sits inside ND_ls exactly and for every problem, docs/a_close_containment.md, so coverage of lu in ls and one direction of the overlap are fixed before this runs. the containment is exact in real arithmetic and fails by rounding in doubles, one point of 1565 measured, r-11, so a nonzero violation count is arithmetic and never a result about phi. it stands on s-11; if the supervisors refute the criterion this pair is reported like the other and no result moves",1.0,1.0,1.0,0.0
dtlz2_interval,lu,ls,check,coverage_b_in_a,5,5000,575,2380,0.0,3.4641016151377544,,"measured on random search's one filtered sample, so the two sets differ only through the order; delta is zero, so the row is the shared count over the count, with no tolerance in it at all; the three sets are index sets over one array, so two vectors are the same point bitwise or they are two points; overlap is dice, the two covered counts over the two cardinalities, and the jaccard value of the same pair is in overlap_conventions.csv; containment_violations is the largest count over the seeds; check on r-06 and not a finding: ND_lu sits inside ND_ls exactly and for every problem, docs/a_close_containment.md, so coverage of lu in ls and one direction of the overlap are fixed before this runs. the containment is exact in real arithmetic and fails by rounding in doubles, one point of 1565 measured, r-11, so a nonzero violation count is arithmetic and never a result about phi. it stands on s-11; if the supervisors refute the criterion this pair is reported like the other and no result moves",0.24028416213957376,0.23423044575273338,0.24665856622114216,0.012428120468408771
dtlz2_interval,lu,ls,check,coverage_b_in_a,5,5000,575,2380,0.17320508075688773,3.4641016151377544,0,"measured on random search's one filtered sample, so the two sets differ only through the order; delta is 0.05 of the box diameter, the box_scale column; overlap is dice, the two covered counts over the two cardinalities, and the jaccard value of the same pair is in overlap_conventions.csv; containment_violations is the largest count over the seeds; check on r-06 and not a finding: ND_lu sits inside ND_ls exactly and for every problem, docs/a_close_containment.md, so coverage of lu in ls and one direction of the overlap are fixed before this runs. the containment is exact in real arithmetic and fails by rounding in doubles, one point of 1565 measured, r-11, so a nonzero violation count is arithmetic and never a result about phi. it stands on s-11; if the supervisors refute the criterion this pair is reported like the other and no result moves",0.24028416213957376,0.23423044575273338,0.24665856622114216,0.012428120468408771
dtlz2_interval,lu,ls,check,cross_a_under_b,5,5000,575,2380,0.17320508075688773,3.4641016151377544,0,"measured on random search's one filtered sample, so the two sets differ only through the order; delta is 0.05 of the box diameter, the box_scale column; overlap is dice, the two covered counts over the two cardinalities, and the jaccard value of the same pair is in overlap_conventions.csv; containment_violations is the largest count over the seeds; check on r-06 and not a finding: ND_lu sits inside ND_ls exactly and for every problem, docs/a_close_containment.md, so coverage of lu in ls and one direction of the overlap are fixed before this runs. the containment is exact in real arithmetic and fails by rounding in doubles, one point of 1565 measured, r-11, so a nonzero violation count is arithmetic and never a result about phi. it stands on s-11; if the supervisors refute the criterion this pair is reported like the other and no result moves",1.0,1.0,1.0,0.0
dtlz2_interval,lu,ls,check,cross_b_under_a,5,5000,575,2380,0.17320508075688773,3.4641016151377544,0,"measured on random search's one filtered sample, so the two sets differ only through the order; delta is 0.05 of the box diameter, the box_scale column; overlap is dice, the two covered counts over the two cardinalities, and the jaccard value of the same pair is in overlap_conventions.csv; containment_violations is the largest count over the seeds; check on r-06 and not a finding: ND_lu sits inside ND_ls exactly and for every problem, docs/a_close_containment.md, so coverage of lu in ls and one direction of the overlap are fixed before this runs. the containment is exact in real arithmetic and fails by rounding in doubles, one point of 1565 measured, r-11, so a nonzero violation count is arithmetic and never a result about phi. it stands on s-11; if the supervisors refute the criterion this pair is reported like the other and no result moves",0.24028416213957376,0.23423044575273338,0.24665856622114216,0.012428120468408771
dtlz2_interval,lu,ls,check,hausdorff_a_to_b,5,5000,575,2380,0.17320508075688773,3.4641016151377544,0,"measured on random search's one filtered sample, so the two sets differ only through the order; delta is 0.05 of the box diameter, the box_scale column; overlap is dice, the two covered counts over the two cardinalities, and the jaccard value of the same pair is in overlap_conventions.csv; containment_violations is the largest count over the seeds; check on r-06 and not a finding: ND_lu sits inside ND_ls exactly and for every problem, docs/a_close_containment.md, so coverage of lu in ls and one direction of the overlap are fixed before this runs. the containment is exact in real arithmetic and fails by rounding in doubles, one point of 1565 measured, r-11, so a nonzero violation count is arithmetic and never a result about phi. it stands on s-11; if the supervisors refute the criterion this pair is reported like the other and no result moves",0.0,0.0,0.0,0.0
dtlz2_interval,lu,ls,check,hausdorff_b_to_a,5,5000,575,2380,0.17320508075688773,3.4641016151377544,0,"measured on random search's one filtered sample, so the two sets differ only through the order; delta is 0.05 of the box diameter, the box_scale column; overlap is dice, the two covered counts over the two cardinalities, and the jaccard value of the same pair is in overlap_conventions.csv; containment_violations is the largest count over the seeds; check on r-06 and not a finding: ND_lu sits inside ND_ls exactly and for every problem, docs/a_close_containment.md, so coverage of lu in ls and one direction of the overlap are fixed before this runs. the containment is exact in real arithmetic and fails by rounding in doubles, one point of 1565 measured, r-11, so a nonzero violation count is arithmetic and never a result about phi. it stands on s-11; if the supervisors refute the criterion this pair is reported like the other and no result moves",0.9792977145802001,0.9752946816350611,1.025956227718689,0.05066154608362805
dtlz2_interval,lu,ls,check,hausdorff_symmetric,5,5000,575,2380,0.17320508075688773,3.4641016151377544,0,"measured on random search's one filtered sample, so the two sets differ only through the order; delta is 0.05 of the box diameter, the box_scale column; overlap is dice, the two covered counts over the two cardinalities, and the jaccard value of the same pair is in overlap_conventions.csv; containment_violations is the largest count over the seeds; check on r-06 and not a finding: ND_lu sits inside ND_ls exactly and for every problem, docs/a_close_containment.md, so coverage of lu in ls and one direction of the overlap are fixed before this runs. the containment is exact in real arithmetic and fails by rounding in doubles, one point of 1565 measured, r-11, so a nonzero violation count is arithmetic and never a result about phi. it stands on s-11; if the supervisors refute the criterion this pair is reported like the other and no result moves",0.9792977145802001,0.9752946816350611,1.025956227718689,0.05066154608362805
dtlz2_interval,lu,ls,check,overlap,5,5000,575,2380,0.0,3.4641016151377544,,"measured on random search's one filtered sample, so the two sets differ only through the order; delta is zero, so the row is the shared count over the count, with no tolerance in it at all; the three sets are index sets over one array, so two vectors are the same point bitwise or they are two points; overlap is dice, the two covered counts over the two cardinalities, and the jaccard value of the same pair is in overlap_conventions.csv; containment_violations is the largest count over the seeds; check on r-06 and not a finding: ND_lu sits inside ND_ls exactly and for every problem, docs/a_close_containment.md, so coverage of lu in ls and one direction of the overlap are fixed before this runs. the containment is exact in real arithmetic and fails by rounding in doubles, one point of 1565 measured, r-11, so a nonzero violation count is arithmetic and never a result about phi. it stands on s-11; if the supervisors refute the criterion this pair is reported like the other and no result moves",0.38746630727762804,0.37955706984667803,0.39571150097465885,0.016154431127980817
dtlz2_interval,lu,ls,check,overlap,5,5000,575,2380,0.17320508075688773,3.4641016151377544,0,"measured on random search's one filtered sample, so the two sets differ only through the order; delta is 0.05 of the box diameter, the box_scale column; overlap is dice, the two covered counts over the two cardinalities, and the jaccard value of the same pair is in overlap_conventions.csv; containment_violations is the largest count over the seeds; check on r-06 and not a finding: ND_lu sits inside ND_ls exactly and for every problem, docs/a_close_containment.md, so coverage of lu in ls and one direction of the overlap are fixed before this runs. the containment is exact in real arithmetic and fails by rounding in doubles, one point of 1565 measured, r-11, so a nonzero violation count is arithmetic and never a result about phi. it stands on s-11; if the supervisors refute the criterion this pair is reported like the other and no result moves",0.38746630727762804,0.37955706984667803,0.39571150097465885,0.016154431127980817
dtlz2_interval,cw,cw,finding,coverage_a_in_b,5,5000,1813,1813,0.17320508075688773,3.4641016151377544,,"noise floor and not a pair: one phi against itself at two seeds, so no order difference can appear in it and a cross-phi number that does not exceed it is not evidence. it is labelled a check because d3 reserves the finding label for the row carrying the sensitivity signal and this row carries none; delta is 0.05 of the box diameter, the box_scale column; overlap is dice, the two covered counts over the two cardinalities, and the jaccard value of the same pair is in overlap_conventions.csv; containment_violations is the largest count over the seeds; nested in neither direction, so both directions are measured; this is the pair CONTEXT.md section 10 e3 takes the headline number from",0.0,0.0,0.0,0.0
dtlz2_interval,cw,cw,finding,coverage_b_in_a,5,5000,1813,1813,0.17320508075688773,3.4641016151377544,,"noise floor and not a pair: one phi against itself at two seeds, so no order difference can appear in it and a cross-phi number that does not exceed it is not evidence. it is labelled a check because d3 reserves the finding label for the row carrying the sensitivity signal and this row carries none; delta is 0.05 of the box diameter, the box_scale column; overlap is dice, the two covered counts over the two cardinalities, and the jaccard value of the same pair is in overlap_conventions.csv; containment_violations is the largest count over the seeds; nested in neither direction, so both directions are measured; this is the pair CONTEXT.md section 10 e3 takes the headline number from",0.0,0.0,0.0,0.0
dtlz2_interval,cw,cw,finding,overlap,5,5000,1813,1813,0.17320508075688773,3.4641016151377544,,"noise floor and not a pair: one phi against itself at two seeds, so no order difference can appear in it and a cross-phi number that does not exceed it is not evidence. it is labelled a check because d3 reserves the finding label for the row carrying the sensitivity signal and this row carries none; delta is 0.05 of the box diameter, the box_scale column; overlap is dice, the two covered counts over the two cardinalities, and the jaccard value of the same pair is in overlap_conventions.csv; containment_violations is the largest count over the seeds; nested in neither direction, so both directions are measured; this is the pair CONTEXT.md section 10 e3 takes the headline number from",0.0,0.0,0.0,0.0
dtlz2_interval,ls,ls,finding,coverage_a_in_b,5,5000,2380,2380,0.17320508075688773,3.4641016151377544,,"noise floor and not a pair: one phi against itself at two seeds, so no order difference can appear in it and a cross-phi number that does not exceed it is not evidence. it is labelled a check because d3 reserves the finding label for the row carrying the sensitivity signal and this row carries none; delta is 0.05 of the box diameter, the box_scale column; overlap is dice, the two covered counts over the two cardinalities, and the jaccard value of the same pair is in overlap_conventions.csv; containment_violations is the largest count over the seeds; nested in neither direction, so both directions are measured; this is the pair CONTEXT.md section 10 e3 takes the headline number from",0.0,0.0,0.0,0.0
dtlz2_interval,ls,ls,finding,coverage_b_in_a,5,5000,2380,2380,0.17320508075688773,3.4641016151377544,,"noise floor and not a pair: one phi against itself at two seeds, so no order difference can appear in it and a cross-phi number that does not exceed it is not evidence. it is labelled a check because d3 reserves the finding label for the row carrying the sensitivity signal and this row carries none; delta is 0.05 of the box diameter, the box_scale column; overlap is dice, the two covered counts over the two cardinalities, and the jaccard value of the same pair is in overlap_conventions.csv; containment_violations is the largest count over the seeds; nested in neither direction, so both directions are measured; this is the pair CONTEXT.md section 10 e3 takes the headline number from",0.0,0.0,0.0,0.0
dtlz2_interval,ls,ls,finding,overlap,5,5000,2380,2380,0.17320508075688773,3.4641016151377544,,"noise floor and not a pair: one phi against itself at two seeds, so no order difference can appear in it and a cross-phi number that does not exceed it is not evidence. it is labelled a check because d3 reserves the finding label for the row carrying the sensitivity signal and this row carries none; delta is 0.05 of the box diameter, the box_scale column; overlap is dice, the two covered counts over the two cardinalities, and the jaccard value of the same pair is in overlap_conventions.csv; containment_violations is the largest count over the seeds; nested in neither direction, so both directions are measured; this is the pair CONTEXT.md section 10 e3 takes the headline number from",0.0,0.0,0.0,0.0
dtlz2_interval,lu,lu,finding,coverage_a_in_b,5,5000,575,575,0.17320508075688773,3.4641016151377544,,"noise floor and not a pair: one phi against itself at two seeds, so no order difference can appear in it and a cross-phi number that does not exceed it is not evidence. it is labelled a check because d3 reserves the finding label for the row carrying the sensitivity signal and this row carries none; delta is 0.05 of the box diameter, the box_scale column; overlap is dice, the two covered counts over the two cardinalities, and the jaccard value of the same pair is in overlap_conventions.csv; containment_violations is the largest count over the seeds; nested in neither direction, so both directions are measured; this is the pair CONTEXT.md section 10 e3 takes the headline number from",0.0,0.0,0.0,0.0
dtlz2_interval,lu,lu,finding,coverage_b_in_a,5,5000,575,575,0.17320508075688773,3.4641016151377544,,"noise floor and not a pair: one phi against itself at two seeds, so no order difference can appear in it and a cross-phi number that does not exceed it is not evidence. it is labelled a check because d3 reserves the finding label for the row carrying the sensitivity signal and this row carries none; delta is 0.05 of the box diameter, the box_scale column; overlap is dice, the two covered counts over the two cardinalities, and the jaccard value of the same pair is in overlap_conventions.csv; containment_violations is the largest count over the seeds; nested in neither direction, so both directions are measured; this is the pair CONTEXT.md section 10 e3 takes the headline number from",0.0,0.0,0.0,0.0
dtlz2_interval,lu,lu,finding,overlap,5,5000,575,575,0.17320508075688773,3.4641016151377544,,"noise floor and not a pair: one phi against itself at two seeds, so no order difference can appear in it and a cross-phi number that does not exceed it is not evidence. it is labelled a check because d3 reserves the finding label for the row carrying the sensitivity signal and this row carries none; delta is 0.05 of the box diameter, the box_scale column; overlap is dice, the two covered counts over the two cardinalities, and the jaccard value of the same pair is in overlap_conventions.csv; containment_violations is the largest count over the seeds; nested in neither direction, so both directions are measured; this is the pair CONTEXT.md section 10 e3 takes the headline number from",0.0,0.0,0.0,0.0
zdt1_interval,ls,cw,check,coverage_a_in_b,5,5000,328,257,0.0,5.477225575051661,,"measured on random search's one filtered sample, so the two sets differ only through the order; delta is zero, so the row is the shared count over the count, with no tolerance in it at all; the three sets are index sets over one array, so two vectors are the same point bitwise or they are two points; overlap is dice, the two covered counts over the two cardinalities, and the jaccard value of the same pair is in overlap_conventions.csv; containment_violations is the largest count over the seeds; check on r-06 and not a finding: ND_cw sits inside ND_ls exactly and for every problem, docs/a_close_containment.md, so coverage of cw in ls and one direction of the overlap are fixed before this runs. the containment is exact in real arithmetic and fails by rounding in doubles, one point of 1565 measured, r-11, so a nonzero violation count is arithmetic and never a result about phi. it stands on s-11; if the supervisors refute the criterion this pair is reported like the other and no result moves",0.8153409090909091,0.7956656346749226,0.8187311178247734,0.023065483149850796
zdt1_interval,ls,cw,check,coverage_a_in_b,5,5000,328,257,0.2738612787525831,5.477225575051661,0,"measured on random search's one filtered sample, so the two sets differ only through the order; delta is 0.05 of the box diameter, the box_scale column; overlap is dice, the two covered counts over the two cardinalities, and the jaccard value of the same pair is in overlap_conventions.csv; containment_violations is the largest count over the seeds; check on r-06 and not a finding: ND_cw sits inside ND_ls exactly and for every problem, docs/a_close_containment.md, so coverage of cw in ls and one direction of the overlap are fixed before this runs. the containment is exact in real arithmetic and fails by rounding in doubles, one point of 1565 measured, r-11, so a nonzero violation count is arithmetic and never a result about phi. it stands on s-11; if the supervisors refute the criterion this pair is reported like the other and no result moves",0.8153409090909091,0.7956656346749226,0.8187311178247734,0.023065483149850796
zdt1_interval,ls,cw,check,coverage_b_in_a,5,5000,328,257,0.0,5.477225575051661,,"measured on random search's one filtered sample, so the two sets differ only through the order; delta is zero, so the row is the shared count over the count, with no tolerance in it at all; the three sets are index sets over one array, so two vectors are the same point bitwise or they are two points; overlap is dice, the two covered counts over the two cardinalities, and the jaccard value of the same pair is in overlap_conventions.csv; containment_violations is the largest count over the seeds; check on r-06 and not a finding: ND_cw sits inside ND_ls exactly and for every problem, docs/a_close_containment.md, so coverage of cw in ls and one direction of the overlap are fixed before this runs. the containment is exact in real arithmetic and fails by rounding in doubles, one point of 1565 measured, r-11, so a nonzero violation count is arithmetic and never a result about phi. it stands on s-11; if the supervisors refute the criterion this pair is reported like the other and no result moves",1.0,1.0,1.0,0.0
zdt1_interval,ls,cw,check,coverage_b_in_a,5,5000,328,257,0.2738612787525831,5.477225575051661,0,"measured on random search's one filtered sample, so the two sets differ only through the order; delta is 0.05 of the box diameter, the box_scale column; overlap is dice, the two covered counts over the two cardinalities, and the jaccard value of the same pair is in overlap_conventions.csv; containment_violations is the largest count over the seeds; check on r-06 and not a finding: ND_cw sits inside ND_ls exactly and for every problem, docs/a_close_containment.md, so coverage of cw in ls and one direction of the overlap are fixed before this runs. the containment is exact in real arithmetic and fails by rounding in doubles, one point of 1565 measured, r-11, so a nonzero violation count is arithmetic and never a result about phi. it stands on s-11; if the supervisors refute the criterion this pair is reported like the other and no result moves",1.0,1.0,1.0,0.0
zdt1_interval,ls,cw,check,cross_a_under_b,5,5000,328,257,0.2738612787525831,5.477225575051661,0,"measured on random search's one filtered sample, so the two sets differ only through the order; delta is 0.05 of the box diameter, the box_scale column; overlap is dice, the two covered counts over the two cardinalities, and the jaccard value of the same pair is in overlap_conventions.csv; containment_violations is the largest count over the seeds; check on r-06 and not a finding: ND_cw sits inside ND_ls exactly and for every problem, docs/a_close_containment.md, so coverage of cw in ls and one direction of the overlap are fixed before this runs. the containment is exact in real arithmetic and fails by rounding in doubles, one point of 1565 measured, r-11, so a nonzero violation count is arithmetic and never a result about phi. it stands on s-11; if the supervisors refute the criterion this pair is reported like the other and no result moves",0.8153409090909091,0.7956656346749226,0.8187311178247734,0.023065483149850796
zdt1_interval,ls,cw,check,cross_b_under_a,5,5000,328,257,0.2738612787525831,5.477225575051661,0,"measured on random search's one filtered sample, so the two sets differ only through the order; delta is 0.05 of the box diameter, the box_scale column; overlap is dice, the two covered counts over the two cardinalities, and the jaccard value of the same pair is in overlap_conventions.csv; containment_violations is the largest count over the seeds; check on r-06 and not a finding: ND_cw sits inside ND_ls exactly and for every problem, docs/a_close_containment.md, so coverage of cw in ls and one direction of the overlap are fixed before this runs. the containment is exact in real arithmetic and fails by rounding in doubles, one point of 1565 measured, r-11, so a nonzero violation count is arithmetic and never a result about phi. it stands on s-11; if the supervisors refute the criterion this pair is reported like the other and no result moves",1.0,1.0,1.0,0.0
zdt1_interval,ls,cw,check,hausdorff_a_to_b,5,5000,328,257,0.2738612787525831,5.477225575051661,0,"measured on random search's one filtered sample, so the two sets differ only through the order; delta is 0.05 of the box diameter, the box_scale column; overlap is dice, the two covered counts over the two cardinalities, and the jaccard value of the same pair is in overlap_conventions.csv; containment_violations is the largest count over the seeds; check on r-06 and not a finding: ND_cw sits inside ND_ls exactly and for every problem, docs/a_close_containment.md, so coverage of cw in ls and one direction of the overlap are fixed before this runs. the containment is exact in real arithmetic and fails by rounding in doubles, one point of 1565 measured, r-11, so a nonzero violation count is arithmetic and never a result about phi. it stands on s-11; if the supervisors refute the criterion this pair is reported like the other and no result moves",1.8150533424717474,1.8042079724266795,1.8174242275223793,0.013216255095699792
zdt1_interval,ls,cw,check,hausdorff_b_to_a,5,5000,328,257,0.2738612787525831,5.477225575051661,0,"measured on random search's one filtered sample, so the two sets differ only through the order; delta is 0.05 of the box diameter, the box_scale column; overlap is dice, the two covered counts over the two cardinalities, and the jaccard value of the same pair is in overlap_conventions.csv; containment_violations is the largest count over the seeds; check on r-06 and not a finding: ND_cw sits inside ND_ls exactly and for every problem, docs/a_close_containment.md, so coverage of cw in ls and one direction of the overlap are fixed before this runs. the containment is exact in real arithmetic and fails by rounding in doubles, one point of 1565 measured, r-11, so a nonzero violation count is arithmetic and never a result about phi. it stands on s-11; if the supervisors refute the criterion this pair is reported like the other and no result moves",0.0,0.0,0.0,0.0
zdt1_interval,ls,cw,check,hausdorff_symmetric,5,5000,328,257,0.2738612787525831,5.477225575051661,0,"measured on random search's one filtered sample, so the two sets differ only through the order; delta is 0.05 of the box diameter, the box_scale column; overlap is dice, the two covered counts over the two cardinalities, and the jaccard value of the same pair is in overlap_conventions.csv; containment_violations is the largest count over the seeds; check on r-06 and not a finding: ND_cw sits inside ND_ls exactly and for every problem, docs/a_close_containment.md, so coverage of cw in ls and one direction of the overlap are fixed before this runs. the containment is exact in real arithmetic and fails by rounding in doubles, one point of 1565 measured, r-11, so a nonzero violation count is arithmetic and never a result about phi. it stands on s-11; if the supervisors refute the criterion this pair is reported like the other and no result moves",1.8150533424717474,1.8042079724266795,1.8174242275223793,0.013216255095699792
zdt1_interval,ls,cw,check,overlap,5,5000,328,257,0.0,5.477225575051661,,"measured on random search's one filtered sample, so the two sets differ only through the order; delta is zero, so the row is the shared count over the count, with no tolerance in it at all; the three sets are index sets over one array, so two vectors are the same point bitwise or they are two points; overlap is dice, the two covered counts over the two cardinalities, and the jaccard value of the same pair is in overlap_conventions.csv; containment_violations is the largest count over the seeds; check on r-06 and not a finding: ND_cw sits inside ND_ls exactly and for every problem, docs/a_close_containment.md, so coverage of cw in ls and one direction of the overlap are fixed before this runs. the containment is exact in real arithmetic and fails by rounding in doubles, one point of 1565 measured, r-11, so a nonzero violation count is arithmetic and never a result about phi. it stands on s-11; if the supervisors refute the criterion this pair is reported like the other and no result moves",0.8982785602503912,0.8862068965517241,0.9003322259136213,0.014125329361897143
zdt1_interval,ls,cw,check,overlap,5,5000,328,257,0.2738612787525831,5.477225575051661,0,"measured on random search's one filtered sample, so the two sets differ only through the order; delta is 0.05 of the box diameter, the box_scale column; overlap is dice, the two covered counts over the two cardinalities, and the jaccard value of the same pair is in overlap_conventions.csv; containment_violations is the largest count over the seeds; check on r-06 and not a finding: ND_cw sits inside ND_ls exactly and for every problem, docs/a_close_containment.md, so coverage of cw in ls and one direction of the overlap are fixed before this runs. the containment is exact in real arithmetic and fails by rounding in doubles, one point of 1565 measured, r-11, so a nonzero violation count is arithmetic and never a result about phi. it stands on s-11; if the supervisors refute the criterion this pair is reported like the other and no result moves",0.8982785602503912,0.8862068965517241,0.9003322259136213,0.014125329361897143
zdt1_interval,lu,cw,finding,coverage_a_in_b,5,5000,53,257,0.0,5.477225575051661,,"measured on random search's one filtered sample, so the two sets differ only through the order; delta is zero, so the row is the shared count over the count, with no tolerance in it at all; the three sets are index sets over one array, so two vectors are the same point bitwise or they are two points; overlap is dice, the two covered counts over the two cardinalities, and the jaccard value of the same pair is in overlap_conventions.csv; containment_violations is the largest count over the seeds; nested in neither direction, so both directions are measured; this is the pair CONTEXT.md section 10 e3 takes the headline number from",0.66,0.5660377358490566,0.6829268292682927,0.11688909341923615
zdt1_interval,lu,cw,finding,coverage_a_in_b,5,5000,53,257,0.2738612787525831,5.477225575051661,,"measured on random search's one filtered sample, so the two sets differ only through the order; delta is 0.05 of the box diameter, the box_scale column; overlap is dice, the two covered counts over the two cardinalities, and the jaccard value of the same pair is in overlap_conventions.csv; containment_violations is the largest count over the seeds; nested in neither direction, so both directions are measured; this is the pair CONTEXT.md section 10 e3 takes the headline number from",0.66,0.5660377358490566,0.6829268292682927,0.11688909341923615
zdt1_interval,lu,cw,finding,coverage_b_in_a,5,5000,53,257,0.0,5.477225575051661,,"measured on random search's one filtered sample, so the two sets differ only through the order; delta is zero, so the row is the shared count over the count, with no tolerance in it at all; the three sets are index sets over one array, so two vectors are the same point bitwise or they are two points; overlap is dice, the two covered counts over the two cardinalities, and the jaccard value of the same pair is in overlap_conventions.csv; containment_violations is the largest count over the seeds; nested in neither direction, so both directions are measured; this is the pair CONTEXT.md section 10 e3 takes the headline number from",0.12062256809338522,0.10452961672473868,0.132,0.02747038327526133
zdt1_interval,lu,cw,finding,coverage_b_in_a,5,5000,53,257,0.2738612787525831,5.477225575051661,,"measured on random search's one filtered sample, so the two sets differ only through the order; delta is 0.05 of the box diameter, the box_scale column; overlap is dice, the two covered counts over the two cardinalities, and the jaccard value of the same pair is in overlap_conventions.csv; containment_violations is the largest count over the seeds; nested in neither direction, so both directions are measured; this is the pair CONTEXT.md section 10 e3 takes the headline number from",0.12062256809338522,0.10452961672473868,0.132,0.02747038327526133
zdt1_interval,lu,cw,finding,cross_a_under_b,5,5000,53,257,0.2738612787525831,5.477225575051661,,"measured on random search's one filtered sample, so the two sets differ only through the order; delta is 0.05 of the box diameter, the box_scale column; overlap is dice, the two covered counts over the two cardinalities, and the jaccard value of the same pair is in overlap_conventions.csv; containment_violations is the largest count over the seeds; nested in neither direction, so both directions are measured; this is the pair CONTEXT.md section 10 e3 takes the headline number from",0.66,0.5660377358490566,0.6829268292682927,0.11688909341923615
zdt1_interval,lu,cw,finding,cross_b_under_a,5,5000,53,257,0.2738612787525831,5.477225575051661,,"measured on random search's one filtered sample, so the two sets differ only through the order; delta is 0.05 of the box diameter, the box_scale column; overlap is dice, the two covered counts over the two cardinalities, and the jaccard value of the same pair is in overlap_conventions.csv; containment_violations is the largest count over the seeds; nested in neither direction, so both directions are measured; this is the pair CONTEXT.md section 10 e3 takes the headline number from",0.12840466926070038,0.10452961672473868,0.132,0.02747038327526133
zdt1_interval,lu,cw,finding,hausdorff_a_to_b,5,5000,53,257,0.2738612787525831,5.477225575051661,,"measured on random search's one filtered sample, so the two sets differ only through the order; delta is 0.05 of the box diameter, the box_scale column; overlap is dice, the two covered counts over the two cardinalities, and the jaccard value of the same pair is in overlap_conventions.csv; containment_violations is the largest count over the seeds; nested in neither direction, so both directions are measured; this is the pair CONTEXT.md section 10 e3 takes the headline number from",1.8042079724266795,1.8024068434260077,1.8150533424717474,0.012646499045739779
zdt1_interval,lu,cw,finding,hausdorff_b_to_a,5,5000,53,257,0.2738612787525831,5.477225575051661,,"measured on random search's one filtered sample, so the two sets differ only through the order; delta is 0.05 of the box diameter, the box_scale column; overlap is dice, the two covered counts over the two cardinalities, and the jaccard value of the same pair is in overlap_conventions.csv; containment_violations is the largest count over the seeds; nested in neither direction, so both directions are measured; this is the pair CONTEXT.md section 10 e3 takes the headline number from",2.0829404009234755,2.0371619353691965,2.111547081005499,0.0743851456363025
zdt1_interval,lu,cw,finding,hausdorff_symmetric,5,5000,53,257,0.2738612787525831,5.477225575051661,,"measured on random search's one filtered sample, so the two sets differ only through the order; delta is 0.05 of the box diameter, the box_scale column; overlap is dice, the two covered counts over the two cardinalities, and the jaccard value of the same pair is in overlap_conventions.csv; containment_violations is the largest count over the seeds; nested in neither direction, so both directions are measured; this is the pair CONTEXT.md section 10 e3 takes the headline number from",2.0829404009234755,2.0371619353691965,2.111547081005499,0.0743851456363025
zdt1_interval,lu,cw,finding,overlap,5,5000,53,257,0.0,5.477225575051661,,"measured on random search's one filtered sample, so the two sets differ only through the order; delta is zero, so the row is the shared count over the count, with no tolerance in it at all; the three sets are index sets over one array, so two vectors are the same point bitwise or they are two points; overlap is dice, the two covered counts over the two cardinalities, and the jaccard value of the same pair is in overlap_conventions.csv; containment_violations is the largest count over the seeds; nested in neither direction, so both directions are measured; this is the pair CONTEXT.md section 10 e3 takes the headline number from",0.1962025316455696,0.1794871794871795,0.22,0.04051282051282051
zdt1_interval,lu,cw,finding,overlap,5,5000,53,257,0.2738612787525831,5.477225575051661,,"measured on random search's one filtered sample, so the two sets differ only through the order; delta is 0.05 of the box diameter, the box_scale column; overlap is dice, the two covered counts over the two cardinalities, and the jaccard value of the same pair is in overlap_conventions.csv; containment_violations is the largest count over the seeds; nested in neither direction, so both directions are measured; this is the pair CONTEXT.md section 10 e3 takes the headline number from",0.1962025316455696,0.1794871794871795,0.22,0.04051282051282051
zdt1_interval,lu,ls,check,coverage_a_in_b,5,5000,53,328,0.0,5.477225575051661,,"measured on random search's one filtered sample, so the two sets differ only through the order; delta is zero, so the row is the shared count over the count, with no tolerance in it at all; the three sets are index sets over one array, so two vectors are the same point bitwise or they are two points; overlap is dice, the two covered counts over the two cardinalities, and the jaccard value of the same pair is in overlap_conventions.csv; containment_violations is the largest count over the seeds; check on r-06 and not a finding: ND_lu sits inside ND_ls exactly and for every problem, docs/a_close_containment.md, so coverage of lu in ls and one direction of the overlap are fixed before this runs. the containment is exact in real arithmetic and fails by rounding in doubles, one point of 1565 measured, r-11, so a nonzero violation count is arithmetic and never a result about phi. it stands on s-11; if the supervisors refute the criterion this pair is reported like the other and no result moves",1.0,1.0,1.0,0.0
zdt1_interval,lu,ls,check,coverage_a_in_b,5,5000,53,328,0.2738612787525831,5.477225575051661,0,"measured on random search's one filtered sample, so the two sets differ only through the order; delta is 0.05 of the box diameter, the box_scale column; overlap is dice, the two covered counts over the two cardinalities, and the jaccard value of the same pair is in overlap_conventions.csv; containment_violations is the largest count over the seeds; check on r-06 and not a finding: ND_lu sits inside ND_ls exactly and for every problem, docs/a_close_containment.md, so coverage of lu in ls and one direction of the overlap are fixed before this runs. the containment is exact in real arithmetic and fails by rounding in doubles, one point of 1565 measured, r-11, so a nonzero violation count is arithmetic and never a result about phi. it stands on s-11; if the supervisors refute the criterion this pair is reported like the other and no result moves",1.0,1.0,1.0,0.0
zdt1_interval,lu,ls,check,coverage_b_in_a,5,5000,53,328,0.0,5.477225575051661,,"measured on random search's one filtered sample, so the two sets differ only through the order; delta is zero, so the row is the shared count over the count, with no tolerance in it at all; the three sets are index sets over one array, so two vectors are the same point bitwise or they are two points; overlap is dice, the two covered counts over the two cardinalities, and the jaccard value of the same pair is in overlap_conventions.csv; containment_violations is the largest count over the seeds; check on r-06 and not a finding: ND_lu sits inside ND_ls exactly and for every problem, docs/a_close_containment.md, so coverage of lu in ls and one direction of the overlap are fixed before this runs. the containment is exact in real arithmetic and fails by rounding in doubles, one point of 1565 measured, r-11, so a nonzero violation count is arithmetic and never a result about phi. it stands on s-11; if the supervisors refute the criterion this pair is reported like the other and no result moves",0.1524390243902439,0.15056818181818182,0.1826625386996904,0.03209435688150858
zdt1_interval,lu,ls,check,coverage_b_in_a,5,5000,53,328,0.2738612787525831,5.477225575051661,0,"measured on random search's one filtered sample, so the two sets differ only through the order; delta is 0.05 of the box diameter, the box_scale column; overlap is dice, the two covered counts over the two cardinalities, and the jaccard value of the same pair is in overlap_conventions.csv; containment_violations is the largest count over the seeds; check on r-06 and not a finding: ND_lu sits inside ND_ls exactly and for every problem, docs/a_close_containment.md, so coverage of lu in ls and one direction of the overlap are fixed before this runs. the containment is exact in real arithmetic and fails by rounding in doubles, one point of 1565 measured, r-11, so a nonzero violation count is arithmetic and never a result about phi. it stands on s-11; if the supervisors refute the criterion this pair is reported like the other and no result moves",0.1524390243902439,0.15056818181818182,0.1826625386996904,0.03209435688150858
zdt1_interval,lu,ls,check,cross_a_under_b,5,5000,53,328,0.2738612787525831,5.477225575051661,0,"measured on random search's one filtered sample, so the two sets differ only through the order; delta is 0.05 of the box diameter, the box_scale column; overlap is dice, the two covered counts over the two cardinalities, and the jaccard value of the same pair is in overlap_conventions.csv; containment_violations is the largest count over the seeds; check on r-06 and not a finding: ND_lu sits inside ND_ls exactly and for every problem, docs/a_close_containment.md, so coverage of lu in ls and one direction of the overlap are fixed before this runs. the containment is exact in real arithmetic and fails by rounding in doubles, one point of 1565 measured, r-11, so a nonzero violation count is arithmetic and never a result about phi. it stands on s-11; if the supervisors refute the criterion this pair is reported like the other and no result moves",1.0,1.0,1.0,0.0
zdt1_interval,lu,ls,check,cross_b_under_a,5,5000,53,328,0.2738612787525831,5.477225575051661,0,"measured on random search's one filtered sample, so the two sets differ only through the order; delta is 0.05 of the box diameter, the box_scale column; overlap is dice, the two covered counts over the two cardinalities, and the jaccard value of the same pair is in overlap_conventions.csv; containment_violations is the largest count over the seeds; check on r-06 and not a finding: ND_lu sits inside ND_ls exactly and for every problem, docs/a_close_containment.md, so coverage of lu in ls and one direction of the overlap are fixed before this runs. the containment is exact in real arithmetic and fails by rounding in doubles, one point of 1565 measured, r-11, so a nonzero violation count is arithmetic and never a result about phi. it stands on s-11; if the supervisors refute the criterion this pair is reported like the other and no result moves",0.1524390243902439,0.15056818181818182,0.1826625386996904,0.03209435688150858
zdt1_interval,lu,ls,check,hausdorff_a_to_b,5,5000,53,328,0.2738612787525831,5.477225575051661,0,"measured on random search's one filtered sample, so the two sets differ only through the order; delta is 0.05 of the box diameter, the box_scale column; overlap is dice, the two covered counts over the two cardinalities, and the jaccard value of the same pair is in overlap_conventions.csv; containment_violations is the largest count over the seeds; check on r-06 and not a finding: ND_lu sits inside ND_ls exactly and for every problem, docs/a_close_containment.md, so coverage of lu in ls and one direction of the overlap are fixed before this runs. the containment is exact in real arithmetic and fails by rounding in doubles, one point of 1565 measured, r-11, so a nonzero violation count is arithmetic and never a result about phi. it stands on s-11; if the supervisors refute the criterion this pair is reported like the other and no result moves",0.0,0.0,0.0,0.0
zdt1_interval,lu,ls,check,hausdorff_b_to_a,5,5000,53,328,0.2738612787525831,5.477225575051661,0,"measured on random search's one filtered sample, so the two sets differ only through the order; delta is 0.05 of the box diameter, the box_scale column; overlap is dice, the two covered counts over the two cardinalities, and the jaccard value of the same pair is in overlap_conventions.csv; containment_violations is the largest count over the seeds; check on r-06 and not a finding: ND_lu sits inside ND_ls exactly and for every problem, docs/a_close_containment.md, so coverage of lu in ls and one direction of the overlap are fixed before this runs. the containment is exact in real arithmetic and fails by rounding in doubles, one point of 1565 measured, r-11, so a nonzero violation count is arithmetic and never a result about phi. it stands on s-11; if the supervisors refute the criterion this pair is reported like the other and no result moves",2.111547081005499,2.0829404009234755,2.1197000713332845,0.03675967040980899
zdt1_interval,lu,ls,check,hausdorff_symmetric,5,5000,53,328,0.2738612787525831,5.477225575051661,0,"measured on random search's one filtered sample, so the two sets differ only through the order; delta is 0.05 of the box diameter, the box_scale column; overlap is dice, the two covered counts over the two cardinalities, and the jaccard value of the same pair is in overlap_conventions.csv; containment_violations is the largest count over the seeds; check on r-06 and not a finding: ND_lu sits inside ND_ls exactly and for every problem, docs/a_close_containment.md, so coverage of lu in ls and one direction of the overlap are fixed before this runs. the containment is exact in real arithmetic and fails by rounding in doubles, one point of 1565 measured, r-11, so a nonzero violation count is arithmetic and never a result about phi. it stands on s-11; if the supervisors refute the criterion this pair is reported like the other and no result moves",2.111547081005499,2.0829404009234755,2.1197000713332845,0.03675967040980899
zdt1_interval,lu,ls,check,overlap,5,5000,53,328,0.0,5.477225575051661,,"measured on random search's one filtered sample, so the two sets differ only through the order; delta is zero, so the row is the shared count over the count, with no tolerance in it at all; the three sets are index sets over one array, so two vectors are the same point bitwise or they are two points; overlap is dice, the two covered counts over the two cardinalities, and the jaccard value of the same pair is in overlap_conventions.csv; containment_violations is the largest count over the seeds; check on r-06 and not a finding: ND_lu sits inside ND_ls exactly and for every problem, docs/a_close_containment.md, so coverage of lu in ls and one direction of the overlap are fixed before this runs. the containment is exact in real arithmetic and fails by rounding in doubles, one point of 1565 measured, r-11, so a nonzero violation count is arithmetic and never a result about phi. it stands on s-11; if the supervisors refute the criterion this pair is reported like the other and no result moves",0.26455026455026454,0.2617283950617284,0.3089005235602094,0.047172128498481014
zdt1_interval,lu,ls,check,overlap,5,5000,53,328,0.2738612787525831,5.477225575051661,0,"measured on random search's one filtered sample, so the two sets differ only through the order; delta is 0.05 of the box diameter, the box_scale column; overlap is dice, the two covered counts over the two cardinalities, and the jaccard value of the same pair is in overlap_conventions.csv; containment_violations is the largest count over the seeds; check on r-06 and not a finding: ND_lu sits inside ND_ls exactly and for every problem, docs/a_close_containment.md, so coverage of lu in ls and one direction of the overlap are fixed before this runs. the containment is exact in real arithmetic and fails by rounding in doubles, one point of 1565 measured, r-11, so a nonzero violation count is arithmetic and never a result about phi. it stands on s-11; if the supervisors refute the criterion this pair is reported like the other and no result moves",0.26455026455026454,0.2617283950617284,0.3089005235602094,0.047172128498481014
zdt1_interval,cw,cw,finding,coverage_a_in_b,5,5000,257,257,0.2738612787525831,5.477225575051661,,"noise floor and not a pair: one phi against itself at two seeds, so no order difference can appear in it and a cross-phi number that does not exceed it is not evidence. it is labelled a check because d3 reserves the finding label for the row carrying the sensitivity signal and this row carries none; delta is 0.05 of the box diameter, the box_scale column; overlap is dice, the two covered counts over the two cardinalities, and the jaccard value of the same pair is in overlap_conventions.csv; containment_violations is the largest count over the seeds; nested in neither direction, so both directions are measured; this is the pair CONTEXT.md section 10 e3 takes the headline number from",0.0,0.0,0.0,0.0
zdt1_interval,cw,cw,finding,coverage_b_in_a,5,5000,257,257,0.2738612787525831,5.477225575051661,,"noise floor and not a pair: one phi against itself at two seeds, so no order difference can appear in it and a cross-phi number that does not exceed it is not evidence. it is labelled a check because d3 reserves the finding label for the row carrying the sensitivity signal and this row carries none; delta is 0.05 of the box diameter, the box_scale column; overlap is dice, the two covered counts over the two cardinalities, and the jaccard value of the same pair is in overlap_conventions.csv; containment_violations is the largest count over the seeds; nested in neither direction, so both directions are measured; this is the pair CONTEXT.md section 10 e3 takes the headline number from",0.0,0.0,0.0,0.0
zdt1_interval,cw,cw,finding,overlap,5,5000,257,257,0.2738612787525831,5.477225575051661,,"noise floor and not a pair: one phi against itself at two seeds, so no order difference can appear in it and a cross-phi number that does not exceed it is not evidence. it is labelled a check because d3 reserves the finding label for the row carrying the sensitivity signal and this row carries none; delta is 0.05 of the box diameter, the box_scale column; overlap is dice, the two covered counts over the two cardinalities, and the jaccard value of the same pair is in overlap_conventions.csv; containment_violations is the largest count over the seeds; nested in neither direction, so both directions are measured; this is the pair CONTEXT.md section 10 e3 takes the headline number from",0.0,0.0,0.0,0.0
zdt1_interval,ls,ls,finding,coverage_a_in_b,5,5000,328,328,0.2738612787525831,5.477225575051661,,"noise floor and not a pair: one phi against itself at two seeds, so no order difference can appear in it and a cross-phi number that does not exceed it is not evidence. it is labelled a check because d3 reserves the finding label for the row carrying the sensitivity signal and this row carries none; delta is 0.05 of the box diameter, the box_scale column; overlap is dice, the two covered counts over the two cardinalities, and the jaccard value of the same pair is in overlap_conventions.csv; containment_violations is the largest count over the seeds; nested in neither direction, so both directions are measured; this is the pair CONTEXT.md section 10 e3 takes the headline number from",0.0,0.0,0.0,0.0
zdt1_interval,ls,ls,finding,coverage_b_in_a,5,5000,328,328,0.2738612787525831,5.477225575051661,,"noise floor and not a pair: one phi against itself at two seeds, so no order difference can appear in it and a cross-phi number that does not exceed it is not evidence. it is labelled a check because d3 reserves the finding label for the row carrying the sensitivity signal and this row carries none; delta is 0.05 of the box diameter, the box_scale column; overlap is dice, the two covered counts over the two cardinalities, and the jaccard value of the same pair is in overlap_conventions.csv; containment_violations is the largest count over the seeds; nested in neither direction, so both directions are measured; this is the pair CONTEXT.md section 10 e3 takes the headline number from",0.0,0.0,0.0,0.0
zdt1_interval,ls,ls,finding,overlap,5,5000,328,328,0.2738612787525831,5.477225575051661,,"noise floor and not a pair: one phi against itself at two seeds, so no order difference can appear in it and a cross-phi number that does not exceed it is not evidence. it is labelled a check because d3 reserves the finding label for the row carrying the sensitivity signal and this row carries none; delta is 0.05 of the box diameter, the box_scale column; overlap is dice, the two covered counts over the two cardinalities, and the jaccard value of the same pair is in overlap_conventions.csv; containment_violations is the largest count over the seeds; nested in neither direction, so both directions are measured; this is the pair CONTEXT.md section 10 e3 takes the headline number from",0.0,0.0,0.0,0.0
zdt1_interval,lu,lu,finding,coverage_a_in_b,5,5000,53,53,0.2738612787525831,5.477225575051661,,"noise floor and not a pair: one phi against itself at two seeds, so no order difference can appear in it and a cross-phi number that does not exceed it is not evidence. it is labelled a check because d3 reserves the finding label for the row carrying the sensitivity signal and this row carries none; delta is 0.05 of the box diameter, the box_scale column; overlap is dice, the two covered counts over the two cardinalities, and the jaccard value of the same pair is in overlap_conventions.csv; containment_violations is the largest count over the seeds; nested in neither direction, so both directions are measured; this is the pair CONTEXT.md section 10 e3 takes the headline number from",0.0,0.0,0.0,0.0
zdt1_interval,lu,lu,finding,coverage_b_in_a,5,5000,53,53,0.2738612787525831,5.477225575051661,,"noise floor and not a pair: one phi against itself at two seeds, so no order difference can appear in it and a cross-phi number that does not exceed it is not evidence. it is labelled a check because d3 reserves the finding label for the row carrying the sensitivity signal and this row carries none; delta is 0.05 of the box diameter, the box_scale column; overlap is dice, the two covered counts over the two cardinalities, and the jaccard value of the same pair is in overlap_conventions.csv; containment_violations is the largest count over the seeds; nested in neither direction, so both directions are measured; this is the pair CONTEXT.md section 10 e3 takes the headline number from",0.0,0.0,0.0,0.0
zdt1_interval,lu,lu,finding,overlap,5,5000,53,53,0.2738612787525831,5.477225575051661,,"noise floor and not a pair: one phi against itself at two seeds, so no order difference can appear in it and a cross-phi number that does not exceed it is not evidence. it is labelled a check because d3 reserves the finding label for the row carrying the sensitivity signal and this row carries none; delta is 0.05 of the box diameter, the box_scale column; overlap is dice, the two covered counts over the two cardinalities, and the jaccard value of the same pair is in overlap_conventions.csv; containment_violations is the largest count over the seeds; nested in neither direction, so both directions are measured; this is the pair CONTEXT.md section 10 e3 takes the headline number from",0.0,0.0,0.0,0.0
